window,group,pop_i,chunk_i,chunk_j,chunk_k,good_idx_n,i_success_n,j_success_n,ij_success_n,score_k_mean_ij,valid_score,mean_z_i_all,mean_z_j_all,mean_z_k_all,max_z_i_all,max_z_j_all,max_z_k_all,elapsed_sec,status,error,arrays_path
0,gamma000000,0,0,1,2,93,1,1,1,4.141810774593804,True,4.4778768770561825,5.5372665198083,4.141810774593804,4.4778768770561825,5.5372665198083,4.141810774593804,99.46055102348328,complete,,wf_grammar_compare/wf_grammar_compare_20260518_171305/windows/window_000/gamma000000/pop_000/eval_arrays.npz
0,gamma000000,1,0,1,2,93,0,0,0,nan,False,nan,nan,nan,nan,nan,nan,2.0389211177825928,complete,,wf_grammar_compare/wf_grammar_compare_20260518_171305/windows/window_000/gamma000000/pop_001/eval_arrays.npz
0,gamma000000,2,0,1,2,93,0,0,0,nan,False,-6.493121314144566,-6.978940309806048,-4.9119790939015875,-6.493121314144566,-6.978940309806048,-4.9119790939015875,1.9006609916687012,complete,,wf_grammar_compare/wf_grammar_compare_20260518_171305/windows/window_000/gamma000000/pop_002/eval_arrays.npz
0,gamma000000,3,0,1,2,93,0,0,0,nan,False,nan,nan,nan,nan,nan,nan,1.5982789993286133,complete,,wf_grammar_compare/wf_grammar_compare_20260518_171305/windows/window_000/gamma000000/pop_003/eval_arrays.npz
0,gamma000000,4,0,1,2,93,0,0,0,nan,False,0.7061455442638809,0.7931355594800814,nan,0.9457311677257058,0.7931355594800814,nan,1.6293385028839111,complete,,wf_grammar_compare/wf_grammar_compare_20260518_171305/windows/window_000/gamma000000/pop_004/eval_arrays.npz
0,gamma000000,5,0,1,2,93,1,1,1,3.694141818270773,True,-2.603456542154077,-4.9619424087977455,-4.6866207708502365,3.7239323194449954,4.694039522840379,3.694141818270773,1.6268765926361084,complete,,wf_grammar_compare/wf_grammar_compare_20260518_171305/windows/window_000/gamma000000/pop_005/eval_arrays.npz
0,gamma000000,6,0,1,2,93,4,4,4,4.136707711567143,True,-5.034248266747039,-1.2570903375709155,-0.49324295567142445,5.230434205992712,6.307156163043881,5.422780725703043,2.142671823501587,complete,,wf_grammar_compare/wf_grammar_compare_20260518_171305/windows/window_000/gamma000000/pop_006/eval_arrays.npz
0,gamma000000,7,0,1,2,93,0,0,0,nan,False,nan,nan,nan,nan,nan,nan,2.2977049350738525,complete,,wf_grammar_compare/wf_grammar_compare_20260518_171305/windows/window_000/gamma000000/pop_007/eval_arrays.npz
0,gamma000000,8,0,1,2,93,0,0,0,nan,False,nan,nan,nan,nan,nan,nan,2.5351758003234863,complete,,wf_grammar_compare/wf_grammar_compare_20260518_171305/windows/window_000/gamma000000/pop_008/eval_arrays.npz
0,gamma000000,9,0,1,2,93,0,0,0,nan,False,-5.925336106853264,-7.0139421211518185,-5.4255090178196985,-5.881695294309444,-6.816252395937128,-4.971784893136624,1.705240249633789,complete,,wf_grammar_compare/wf_grammar_compare_20260518_171305/windows/window_000/gamma000000/pop_009/eval_arrays.npz
0,gamma000000,10,0,1,2,93,0,0,0,nan,False,nan,nan,nan,nan,nan,nan,1.4334051609039307,complete,,wf_grammar_compare/wf_grammar_compare_20260518_171305/windows/window_000/gamma000000/pop_010/eval_arrays.npz
0,gamma000000,11,0,1,2,93,2,2,2,3.393800869618461,True,0.5416818482289125,1.0255310826045516,0.6817613064526604,4.121916980742131,5.616029087012639,3.7757126993447896,1.9265589714050293,complete,,wf_grammar_compare/wf_grammar_compare_20260518_171305/windows/window_000/gamma000000/pop_011/eval_arrays.npz
0,gamma000000,12,0,1,2,93,1,1,1,2.5561804949291287,True,-9.97806530398664,-19.660814977108203,-9.006067746671834,3.6252912302585707,2.986586338886297,2.5561804949291287,2.5700595378875732,complete,,wf_grammar_compare/wf_grammar_compare_20260518_171305/windows/window_000/gamma000000/pop_012/eval_arrays.npz
0,gamma000000,13,0,1,2,93,0,0,0,nan,False,nan,nan,nan,nan,nan,nan,1.495943546295166,complete,,wf_grammar_compare/wf_grammar_compare_20260518_171305/windows/window_000/gamma000000/pop_013/eval_arrays.npz
0,gamma000000,14,0,1,2,93,1,1,1,2.7673976667482596,True,-1.726214862863537,-1.5472889887989296,-1.0157994383703215,2.4349393526155843,3.9354489283140146,2.7673976667482596,1.4156982898712158,complete,,wf_grammar_compare/wf_grammar_compare_20260518_171305/windows/window_000/gamma000000/pop_014/eval_arrays.npz
0,gamma000000,15,0,1,2,93,0,0,0,nan,False,-17.199380082544838,-36.15514558107726,-18.01886175859387,-17.199380082544838,-36.15514558107726,-18.01886175859387,2.0662806034088135,complete,,wf_grammar_compare/wf_grammar_compare_20260518_171305/windows/window_000/gamma000000/pop_015/eval_arrays.npz
0,gamma000000,16,0,1,2,93,5,5,5,4.568048661580464,True,0.5716721063120118,-1.793418156952574,-0.7071414636750896,4.994259365282811,6.462038299206283,5.032603539534616,2.150296926498413,complete,,wf_grammar_compare/wf_grammar_compare_20260518_171305/windows/window_000/gamma000000/pop_016/eval_arrays.npz
0,gamma000000,17,0,1,2,93,1,1,1,4.813535007117825,True,-2.6593056792379057,-3.7368757347796815,-0.06422694968220499,4.9454033867129095,5.87042952161286,4.813535007117825,1.9267773628234863,complete,,wf_grammar_compare/wf_grammar_compare_20260518_171305/windows/window_000/gamma000000/pop_017/eval_arrays.npz
0,gamma000000,18,0,1,2,93,0,0,0,nan,False,nan,nan,nan,nan,nan,nan,1.082977056503296,complete,,wf_grammar_compare/wf_grammar_compare_20260518_171305/windows/window_000/gamma000000/pop_018/eval_arrays.npz
0,gamma000000,19,0,1,2,93,0,0,0,nan,False,nan,nan,nan,nan,nan,nan,1.609386920928955,complete,,wf_grammar_compare/wf_grammar_compare_20260518_171305/windows/window_000/gamma000000/pop_019/eval_arrays.npz
0,gamma000000,20,0,1,2,93,3,3,3,3.904337526403873,True,4.206801843825353,4.844803957911847,3.904337526403873,5.574910870157189,6.019354552543053,5.434927150963646,2.1153981685638428,complete,,wf_grammar_compare/wf_grammar_compare_20260518_171305/windows/window_000/gamma000000/pop_020/eval_arrays.npz
0,gamma000000,21,0,1,2,93,0,0,0,nan,False,nan,nan,nan,nan,nan,nan,2.3074824810028076,complete,,wf_grammar_compare/wf_grammar_compare_20260518_171305/windows/window_000/gamma000000/pop_021/eval_arrays.npz
0,gamma000000,22,0,1,2,93,0,0,0,nan,False,-12.749666320366257,-16.886841560051963,-9.75869467891752,-12.749666320366257,-16.886841560051963,-9.75869467891752,1.2539570331573486,complete,,wf_grammar_compare/wf_grammar_compare_20260518_171305/windows/window_000/gamma000000/pop_022/eval_arrays.npz
0,gamma000000,23,0,1,2,93,0,0,0,nan,False,-12.749666320366257,-16.886841560051963,-9.75869467891752,-12.749666320366257,-16.886841560051963,-9.75869467891752,1.6143255233764648,complete,,wf_grammar_compare/wf_grammar_compare_20260518_171305/windows/window_000/gamma000000/pop_023/eval_arrays.npz
0,gamma000000,24,0,1,2,93,2,2,2,4.991113980637495,True,4.8454567489656295,6.424225085108185,4.991113980637495,4.993311802030046,6.600432873032763,5.062782468417257,1.4666495323181152,complete,,wf_grammar_compare/wf_grammar_compare_20260518_171305/windows/window_000/gamma000000/pop_024/eval_arrays.npz
0,gamma000000,25,0,1,2,93,0,0,0,nan,False,nan,nan,nan,nan,nan,nan,1.4552412033081055,complete,,wf_grammar_compare/wf_grammar_compare_20260518_171305/windows/window_000/gamma000000/pop_025/eval_arrays.npz
0,gamma000000,26,0,1,2,93,0,0,0,nan,False,nan,nan,nan,nan,nan,nan,3.067110300064087,complete,,wf_grammar_compare/wf_grammar_compare_20260518_171305/windows/window_000/gamma000000/pop_026/eval_arrays.npz
0,gamma000000,27,0,1,2,93,0,0,0,nan,False,nan,nan,nan,nan,nan,nan,1.502131700515747,complete,,wf_grammar_compare/wf_grammar_compare_20260518_171305/windows/window_000/gamma000000/pop_027/eval_arrays.npz
0,gamma000000,28,0,1,2,93,1,1,1,3.844960508527532,True,4.442537677441247,4.293925697453411,3.844960508527532,4.442537677441247,4.293925697453411,3.844960508527532,1.4854891300201416,complete,,wf_grammar_compare/wf_grammar_compare_20260518_171305/windows/window_000/gamma000000/pop_028/eval_arrays.npz
0,gamma000000,29,0,1,2,93,4,4,4,4.281683326123052,True,-2.2770318311780207,-13.427065227233692,-1.4471727246269517,5.103420031464735,6.321814858352392,5.080313257127159,1.7034862041473389,complete,,wf_grammar_compare/wf_grammar_compare_20260518_171305/windows/window_000/gamma000000/pop_029/eval_arrays.npz
0,gamma095098,0,0,1,2,93,0,0,0,nan,False,nan,nan,nan,nan,nan,nan,1.842069387435913,complete,,wf_grammar_compare/wf_grammar_compare_20260518_171305/windows/window_000/gamma095098/pop_000/eval_arrays.npz
0,gamma095098,1,0,1,2,93,2,2,2,4.055466549916092,True,3.026802913330957,3.3173435591259186,2.935117632778022,5.003906415612826,5.975120454772244,5.500734876472609,2.9456756114959717,complete,,wf_grammar_compare/wf_grammar_compare_20260518_171305/windows/window_000/gamma095098/pop_001/eval_arrays.npz
0,gamma095098,2,0,1,2,93,0,0,0,nan,False,nan,nan,nan,nan,nan,nan,1.3866562843322754,complete,,wf_grammar_compare/wf_grammar_compare_20260518_171305/windows/window_000/gamma095098/pop_002/eval_arrays.npz
0,gamma095098,3,0,1,2,93,0,0,0,nan,False,nan,nan,nan,nan,nan,nan,1.5910618305206299,complete,,wf_grammar_compare/wf_grammar_compare_20260518_171305/windows/window_000/gamma095098/pop_003/eval_arrays.npz
0,gamma095098,4,0,1,2,93,4,4,4,4.7419920473249215,True,4.79997102956133,5.180848522924041,4.7419920473249215,5.731343246062631,6.940965538990426,5.950334995219621,1.963921308517456,complete,,wf_grammar_compare/wf_grammar_compare_20260518_171305/windows/window_000/gamma095098/pop_004/eval_arrays.npz
0,gamma095098,5,0,1,2,93,1,1,1,2.7235056619531606,True,3.5082037314653176,3.335646918368298,2.7235056619531606,3.5082037314653176,3.335646918368298,2.7235056619531606,2.468308210372925,complete,,wf_grammar_compare/wf_grammar_compare_20260518_171305/windows/window_000/gamma095098/pop_005/eval_arrays.npz
0,gamma095098,6,0,1,2,93,3,3,3,4.268851786785753,True,4.335343064467865,4.454769430590558,4.268851786785753,4.4809959695707855,5.50622754328947,4.656814308160496,1.0250957012176514,complete,,wf_grammar_compare/wf_grammar_compare_20260518_171305/windows/window_000/gamma095098/pop_006/eval_arrays.npz
0,gamma095098,7,0,1,2,93,0,0,0,nan,False,nan,nan,nan,nan,nan,nan,1.5795581340789795,complete,,wf_grammar_compare/wf_grammar_compare_20260518_171305/windows/window_000/gamma095098/pop_007/eval_arrays.npz
0,gamma095098,8,0,1,2,93,4,4,4,5.262532656960454,True,2.8689307453096236,4.028998001117932,3.3702535049694005,5.48569171041271,7.149210222597876,5.778762809443306,1.6062982082366943,complete,,wf_grammar_compare/wf_grammar_compare_20260518_171305/windows/window_000/gamma095098/pop_008/eval_arrays.npz
0,gamma095098,9,0,1,2,93,1,1,1,4.183674293487074,True,4.399249050924166,5.822844381935253,4.183674293487074,4.399249050924166,5.822844381935253,4.183674293487074,1.5444607734680176,complete,,wf_grammar_compare/wf_grammar_compare_20260518_171305/windows/window_000/gamma095098/pop_009/eval_arrays.npz
0,gamma095098,10,0,1,2,93,0,0,0,nan,False,0.47337091683986365,0.3013915495260871,nan,0.9457311677257058,0.7931355594800814,nan,2.2467429637908936,complete,,wf_grammar_compare/wf_grammar_compare_20260518_171305/windows/window_000/gamma095098/pop_010/eval_arrays.npz
0,gamma095098,11,0,1,2,93,5,5,5,4.017205216446809,True,-3.3855527689057454,3.1165315648091294,-1.417112791111957,5.2250896330547585,5.465205941559481,5.145857160394757,2.02632212638855,complete,,wf_grammar_compare/wf_grammar_compare_20260518_171305/windows/window_000/gamma095098/pop_011/eval_arrays.npz
0,gamma095098,12,0,1,2,93,2,2,2,5.273814799426586,True,5.296896018147088,6.6884856825336705,5.273814799426586,5.310496096831128,6.8554397727565375,5.373802128823577,1.4484338760375977,complete,,wf_grammar_compare/wf_grammar_compare_20260518_171305/windows/window_000/gamma095098/pop_012/eval_arrays.npz
0,gamma095098,13,0,1,2,93,0,0,0,nan,False,nan,nan,nan,nan,nan,nan,1.6961150169372559,complete,,wf_grammar_compare/wf_grammar_compare_20260518_171305/windows/window_000/gamma095098/pop_013/eval_arrays.npz
0,gamma095098,14,0,1,2,93,0,0,0,nan,False,nan,nan,nan,nan,nan,nan,1.5815327167510986,complete,,wf_grammar_compare/wf_grammar_compare_20260518_171305/windows/window_000/gamma095098/pop_014/eval_arrays.npz
0,gamma095098,15,0,1,2,93,0,0,0,nan,False,nan,nan,nan,nan,nan,nan,1.8938484191894531,complete,,wf_grammar_compare/wf_grammar_compare_20260518_171305/windows/window_000/gamma095098/pop_015/eval_arrays.npz
0,gamma095098,16,0,1,2,93,0,0,0,nan,False,nan,nan,nan,nan,nan,nan,1.880300521850586,complete,,wf_grammar_compare/wf_grammar_compare_20260518_171305/windows/window_000/gamma095098/pop_016/eval_arrays.npz
0,gamma095098,17,0,1,2,93,2,2,2,4.230814644230746,True,-3.9517408581008637,-7.364169932399139,-2.849399848391127,5.628150308143746,6.135290654510439,5.654559233295809,1.5564534664154053,complete,,wf_grammar_compare/wf_grammar_compare_20260518_171305/windows/window_000/gamma095098/pop_017/eval_arrays.npz
0,gamma095098,18,0,1,2,93,3,3,3,5.2841053589652205,True,5.147353532276235,6.2932330089101844,5.2841053589652205,5.175670648092638,7.254464179875849,5.674674963771859,1.5931570529937744,complete,,wf_grammar_compare/wf_grammar_compare_20260518_171305/windows/window_000/gamma095098/pop_018/eval_arrays.npz
0,gamma095098,19,0,1,2,93,2,2,2,4.166319937824221,True,-8.117636531031058,-2.9234637518330775,-2.64507313041687,5.7359315577167616,6.601025095872515,5.231595765429542,1.50504732131958,complete,,wf_grammar_compare/wf_grammar_compare_20260518_171305/windows/window_000/gamma095098/pop_019/eval_arrays.npz
0,gamma095098,20,0,1,2,93,0,0,0,nan,False,nan,nan,nan,nan,nan,nan,2.1835708618164062,complete,,wf_grammar_compare/wf_grammar_compare_20260518_171305/windows/window_000/gamma095098/pop_020/eval_arrays.npz
0,gamma095098,21,0,1,2,93,2,2,2,4.791401816789033,True,4.895006222986936,5.88395561208265,4.791401816789033,5.60976208987185,7.020815284198822,5.4776373108103265,1.4893810749053955,complete,,wf_grammar_compare/wf_grammar_compare_20260518_171305/windows/window_000/gamma095098/pop_021/eval_arrays.npz
0,gamma095098,22,0,1,2,93,2,2,2,4.407405324029637,True,3.229481849687719,5.364928418830757,4.407405324029637,5.0933354010960405,6.445319282955403,5.812748995140975,1.5695304870605469,complete,,wf_grammar_compare/wf_grammar_compare_20260518_171305/windows/window_000/gamma095098/pop_022/eval_arrays.npz
0,gamma095098,23,0,1,2,93,2,2,2,3.6372580304005773,True,4.20123152369731,4.288459214897591,3.6372580304005773,4.643018042019553,5.3664997410412285,4.4748181984550115,1.6046335697174072,complete,,wf_grammar_compare/wf_grammar_compare_20260518_171305/windows/window_000/gamma095098/pop_023/eval_arrays.npz
0,gamma095098,24,0,1,2,93,1,1,1,4.110508493468578,True,3.7283662974391896,4.560373797415624,4.110508493468578,3.7283662974391896,4.560373797415624,4.110508493468578,2.8570711612701416,complete,,wf_grammar_compare/wf_grammar_compare_20260518_171305/windows/window_000/gamma095098/pop_024/eval_arrays.npz
0,gamma095098,25,0,1,2,93,1,1,1,5.459366220331193,True,5.180648415842879,6.7365120023998495,5.459366220331193,5.180648415842879,6.7365120023998495,5.459366220331193,1.5876991748809814,complete,,wf_grammar_compare/wf_grammar_compare_20260518_171305/windows/window_000/gamma095098/pop_025/eval_arrays.npz
0,gamma095098,26,0,1,2,93,1,1,1,5.375289763207534,True,-0.4647261124902675,0.03145845290513627,0.35015389506064415,5.32968737987994,6.160799678765507,5.375289763207534,1.628474235534668,complete,,wf_grammar_compare/wf_grammar_compare_20260518_171305/windows/window_000/gamma095098/pop_026/eval_arrays.npz
0,gamma095098,27,0,1,2,93,3,3,3,4.744044248133371,True,5.229219374577543,6.122940863332779,4.744044248133371,5.901947096626644,6.751473262756417,5.369829969201096,0.9639468193054199,complete,,wf_grammar_compare/wf_grammar_compare_20260518_171305/windows/window_000/gamma095098/pop_027/eval_arrays.npz
0,gamma095098,28,0,1,2,93,1,1,1,4.353955421271595,True,4.539884466683827,5.222659975314519,4.353955421271595,4.539884466683827,5.222659975314519,4.353955421271595,0.9901103973388672,complete,,wf_grammar_compare/wf_grammar_compare_20260518_171305/windows/window_000/gamma095098/pop_028/eval_arrays.npz
0,gamma095098,29,0,1,2,93,1,2,1,5.44508379215663,True,-4.887654998696482,-4.739295575418559,-3.4867726080642103,4.789852208261718,6.382524721068497,5.44508379215663,2.357257604598999,complete,,wf_grammar_compare/wf_grammar_compare_20260518_171305/windows/window_000/gamma095098/pop_029/eval_arrays.npz
0,null,0,0,1,2,93,0,0,0,nan,False,nan,nan,nan,nan,nan,nan,2.3689770698547363,complete,,wf_grammar_compare/wf_grammar_compare_20260518_171305/windows/window_000/null/pop_000/eval_arrays.npz
0,null,1,0,1,2,93,0,0,0,nan,False,nan,nan,nan,nan,nan,nan,1.4814167022705078,complete,,wf_grammar_compare/wf_grammar_compare_20260518_171305/windows/window_000/null/pop_001/eval_arrays.npz
0,null,2,0,1,2,93,1,1,1,3.5536520104963176,True,4.636978739388176,4.9670516363839505,3.5536520104963176,4.636978739388176,4.9670516363839505,3.5536520104963176,1.5612406730651855,complete,,wf_grammar_compare/wf_grammar_compare_20260518_171305/windows/window_000/null/pop_002/eval_arrays.npz
0,null,3,0,1,2,93,0,0,0,nan,False,nan,nan,nan,nan,nan,nan,2.4193243980407715,complete,,wf_grammar_compare/wf_grammar_compare_20260518_171305/windows/window_000/null/pop_003/eval_arrays.npz
0,null,4,0,1,2,93,0,0,0,nan,False,nan,nan,nan,nan,nan,nan,2.1160809993743896,complete,,wf_grammar_compare/wf_grammar_compare_20260518_171305/windows/window_000/null/pop_004/eval_arrays.npz
0,null,5,0,1,2,93,2,2,2,2.7080885620909347,True,2.7306369629561416,3.949005637680192,2.7080885620909347,3.314534873329399,4.223730045060593,3.061359589962779,2.2593159675598145,complete,,wf_grammar_compare/wf_grammar_compare_20260518_171305/windows/window_000/null/pop_005/eval_arrays.npz
0,null,6,0,1,2,93,0,0,0,nan,False,nan,nan,nan,nan,nan,nan,1.9183893203735352,complete,,wf_grammar_compare/wf_grammar_compare_20260518_171305/windows/window_000/null/pop_006/eval_arrays.npz
0,null,7,0,1,2,93,2,2,2,5.331839536071669,True,-2.816014851500912,-12.208022902819437,0.14160801661566413,5.74328917996952,7.210123410433248,5.799787683561923,1.5375983715057373,complete,,wf_grammar_compare/wf_grammar_compare_20260518_171305/windows/window_000/null/pop_007/eval_arrays.npz
0,null,8,0,1,2,93,0,0,0,nan,False,nan,nan,nan,nan,nan,nan,0.9990763664245605,complete,,wf_grammar_compare/wf_grammar_compare_20260518_171305/windows/window_000/null/pop_008/eval_arrays.npz
0,null,9,0,1,2,93,4,4,4,4.3569987931360545,True,1.3140700536537473,1.7764466335268398,1.5708225815682073,4.584380240663874,5.664505560980847,4.375462812210562,1.4911227226257324,complete,,wf_grammar_compare/wf_grammar_compare_20260518_171305/windows/window_000/null/pop_009/eval_arrays.npz
0,null,10,0,1,2,93,1,1,1,5.209386428622082,True,5.1825468458475346,6.230923046515398,5.209386428622082,5.1825468458475346,6.230923046515398,5.209386428622082,2.8997676372528076,complete,,wf_grammar_compare/wf_grammar_compare_20260518_171305/windows/window_000/null/pop_010/eval_arrays.npz
0,null,11,0,1,2,93,0,0,0,nan,False,nan,nan,nan,nan,nan,nan,1.622159481048584,complete,,wf_grammar_compare/wf_grammar_compare_20260518_171305/windows/window_000/null/pop_011/eval_arrays.npz
0,null,12,0,1,2,93,0,0,0,nan,False,nan,nan,nan,nan,nan,nan,1.5880775451660156,complete,,wf_grammar_compare/wf_grammar_compare_20260518_171305/windows/window_000/null/pop_012/eval_arrays.npz
0,null,13,0,1,2,93,0,0,0,nan,False,nan,nan,nan,nan,nan,nan,1.9489402770996094,complete,,wf_grammar_compare/wf_grammar_compare_20260518_171305/windows/window_000/null/pop_013/eval_arrays.npz
0,null,14,0,1,2,93,0,0,0,nan,False,nan,nan,nan,nan,nan,nan,2.0476982593536377,complete,,wf_grammar_compare/wf_grammar_compare_20260518_171305/windows/window_000/null/pop_014/eval_arrays.npz
0,null,15,0,1,2,93,0,0,0,nan,False,nan,nan,nan,nan,nan,nan,1.5717377662658691,complete,,wf_grammar_compare/wf_grammar_compare_20260518_171305/windows/window_000/null/pop_015/eval_arrays.npz
0,null,16,0,1,2,93,0,0,0,nan,False,-0.8758279931381023,-0.7334648359124288,-0.608625709394429,-0.8758279931381023,-0.7334648359124288,-0.608625709394429,1.6159520149230957,complete,,wf_grammar_compare/wf_grammar_compare_20260518_171305/windows/window_000/null/pop_016/eval_arrays.npz
0,null,17,0,1,2,93,0,0,0,nan,False,nan,nan,nan,nan,nan,nan,1.5313961505889893,complete,,wf_grammar_compare/wf_grammar_compare_20260518_171305/windows/window_000/null/pop_017/eval_arrays.npz
0,null,18,0,1,2,93,1,1,1,5.222657644158247,True,5.546591989223265,5.6414537890668734,5.222657644158247,5.546591989223265,5.6414537890668734,5.222657644158247,2.1124818325042725,complete,,wf_grammar_compare/wf_grammar_compare_20260518_171305/windows/window_000/null/pop_018/eval_arrays.npz
0,null,19,0,1,2,93,0,0,0,nan,False,nan,nan,nan,nan,nan,nan,2.780085802078247,complete,,wf_grammar_compare/wf_grammar_compare_20260518_171305/windows/window_000/null/pop_019/eval_arrays.npz
0,null,20,0,1,2,93,0,0,0,nan,False,nan,nan,nan,nan,nan,nan,2.462639808654785,complete,,wf_grammar_compare/wf_grammar_compare_20260518_171305/windows/window_000/null/pop_020/eval_arrays.npz
0,null,21,0,1,2,93,0,0,0,nan,False,-0.3048949968491302,-1.8047915498541647,0.5146824175579342,-0.3048949968491302,-1.8047915498541647,0.5146824175579342,1.6863117218017578,complete,,wf_grammar_compare/wf_grammar_compare_20260518_171305/windows/window_000/null/pop_021/eval_arrays.npz
0,null,22,0,1,2,93,0,0,0,nan,False,nan,nan,nan,nan,nan,nan,2.1202609539031982,complete,,wf_grammar_compare/wf_grammar_compare_20260518_171305/windows/window_000/null/pop_022/eval_arrays.npz
0,null,23,0,1,2,93,1,1,1,4.153051267830106,True,4.708873069857484,5.292832115114872,4.153051267830106,4.708873069857484,5.292832115114872,4.153051267830106,2.208887815475464,complete,,wf_grammar_compare/wf_grammar_compare_20260518_171305/windows/window_000/null/pop_023/eval_arrays.npz
0,null,24,0,1,2,93,0,0,0,nan,False,nan,nan,nan,nan,nan,nan,1.8028573989868164,complete,,wf_grammar_compare/wf_grammar_compare_20260518_171305/windows/window_000/null/pop_024/eval_arrays.npz
0,null,25,0,1,2,93,0,0,0,nan,False,-5.888060604074898,-6.037355278488947,-4.176245193706813,-5.888060604074898,-6.037355278488947,-4.176245193706813,1.6434733867645264,complete,,wf_grammar_compare/wf_grammar_compare_20260518_171305/windows/window_000/null/pop_025/eval_arrays.npz
0,null,26,0,1,2,93,0,0,0,nan,False,nan,nan,nan,nan,nan,nan,1.4776585102081299,complete,,wf_grammar_compare/wf_grammar_compare_20260518_171305/windows/window_000/null/pop_026/eval_arrays.npz
0,null,27,0,1,2,93,1,1,1,3.95918883063049,True,4.196235902807527,5.629598332909476,3.95918883063049,4.196235902807527,5.629598332909476,3.95918883063049,3.0246005058288574,complete,,wf_grammar_compare/wf_grammar_compare_20260518_171305/windows/window_000/null/pop_027/eval_arrays.npz
0,null,28,0,1,2,93,0,0,0,nan,False,nan,nan,nan,nan,nan,nan,1.6231393814086914,complete,,wf_grammar_compare/wf_grammar_compare_20260518_171305/windows/window_000/null/pop_028/eval_arrays.npz
0,null,29,0,1,2,93,1,1,1,2.9866977239026187,True,3.6762050860446855,3.8782625236454296,2.9866977239026187,3.6762050860446855,3.8782625236454296,2.9866977239026187,1.5129995346069336,complete,,wf_grammar_compare/wf_grammar_compare_20260518_171305/windows/window_000/null/pop_029/eval_arrays.npz
1,gamma000000,0,1,2,3,93,0,0,0,nan,False,nan,nan,nan,nan,nan,nan,33.363877058029175,complete,,wf_grammar_compare/wf_grammar_compare_20260518_171305/windows/window_001/gamma000000/pop_000/eval_arrays.npz
1,gamma000000,1,1,2,3,93,0,0,0,nan,False,nan,nan,nan,nan,nan,nan,1.7619819641113281,complete,,wf_grammar_compare/wf_grammar_compare_20260518_171305/windows/window_001/gamma000000/pop_001/eval_arrays.npz
1,gamma000000,2,1,2,3,93,0,0,0,nan,False,nan,nan,nan,nan,nan,nan,1.5539233684539795,complete,,wf_grammar_compare/wf_grammar_compare_20260518_171305/windows/window_001/gamma000000/pop_002/eval_arrays.npz
1,gamma000000,3,1,2,3,93,0,0,0,nan,False,0.7549492367436177,0.03438428356188074,-0.32351911435262454,0.7549492367436177,0.03438428356188074,-0.32351911435262454,1.1214599609375,complete,,wf_grammar_compare/wf_grammar_compare_20260518_171305/windows/window_001/gamma000000/pop_003/eval_arrays.npz
1,gamma000000,4,1,2,3,93,0,0,0,nan,False,nan,nan,nan,nan,nan,nan,3.5639281272888184,complete,,wf_grammar_compare/wf_grammar_compare_20260518_171305/windows/window_001/gamma000000/pop_004/eval_arrays.npz
1,gamma000000,5,1,2,3,93,0,0,0,nan,False,nan,nan,nan,nan,nan,nan,1.7934017181396484,complete,,wf_grammar_compare/wf_grammar_compare_20260518_171305/windows/window_001/gamma000000/pop_005/eval_arrays.npz
1,gamma000000,6,1,2,3,93,0,0,0,nan,False,nan,nan,nan,nan,nan,nan,1.6863117218017578,complete,,wf_grammar_compare/wf_grammar_compare_20260518_171305/windows/window_001/gamma000000/pop_006/eval_arrays.npz
1,gamma000000,7,1,2,3,93,1,1,1,4.2662256296770735,True,-0.17010323008656444,0.30688050100816827,1.1085768106520744,3.389671505972115,2.7125564588229456,4.2662256296770735,2.3686511516571045,complete,,wf_grammar_compare/wf_grammar_compare_20260518_171305/windows/window_001/gamma000000/pop_007/eval_arrays.npz
1,gamma000000,8,1,2,3,93,6,6,6,5.379511066876266,True,-0.43906308157272944,0.006671494096040398,-0.19522416888523897,6.4043584474428945,5.321721433759611,5.691106452976362,3.0534145832061768,complete,,wf_grammar_compare/wf_grammar_compare_20260518_171305/windows/window_001/gamma000000/pop_008/eval_arrays.npz
1,gamma000000,9,1,2,3,93,0,0,0,nan,False,nan,nan,nan,nan,nan,nan,1.6876695156097412,complete,,wf_grammar_compare/wf_grammar_compare_20260518_171305/windows/window_001/gamma000000/pop_009/eval_arrays.npz
1,gamma000000,10,1,2,3,93,0,0,0,nan,False,nan,nan,nan,nan,nan,nan,1.1268396377563477,complete,,wf_grammar_compare/wf_grammar_compare_20260518_171305/windows/window_001/gamma000000/pop_010/eval_arrays.npz
1,gamma000000,11,1,2,3,93,0,0,0,nan,False,nan,nan,nan,nan,nan,nan,1.8696584701538086,complete,,wf_grammar_compare/wf_grammar_compare_20260518_171305/windows/window_001/gamma000000/pop_011/eval_arrays.npz
1,gamma000000,12,1,2,3,93,1,1,1,4.013344934714298,True,-1.3985329333605097,-0.5931766477895354,-0.983299211654985,3.3855914936987164,3.2748671088133925,4.013344934714298,2.553644895553589,complete,,wf_grammar_compare/wf_grammar_compare_20260518_171305/windows/window_001/gamma000000/pop_012/eval_arrays.npz
1,gamma000000,13,1,2,3,93,0,0,0,nan,False,nan,nan,nan,nan,nan,nan,1.792799711227417,complete,,wf_grammar_compare/wf_grammar_compare_20260518_171305/windows/window_001/gamma000000/pop_013/eval_arrays.npz
1,gamma000000,14,1,2,3,93,0,0,0,nan,False,nan,nan,nan,nan,nan,nan,1.690812349319458,complete,,wf_grammar_compare/wf_grammar_compare_20260518_171305/windows/window_001/gamma000000/pop_014/eval_arrays.npz
1,gamma000000,15,1,2,3,93,2,2,2,4.554164506494898,True,-1.4047349764649815,-0.8331729179579529,-0.6280214987675328,5.6789963910137455,5.231789043192262,4.788549101867725,2.9110913276672363,complete,,wf_grammar_compare/wf_grammar_compare_20260518_171305/windows/window_001/gamma000000/pop_015/eval_arrays.npz
1,gamma000000,16,1,2,3,93,0,0,0,nan,False,nan,nan,nan,nan,nan,nan,1.9878644943237305,complete,,wf_grammar_compare/wf_grammar_compare_20260518_171305/windows/window_001/gamma000000/pop_016/eval_arrays.npz
1,gamma000000,17,1,2,3,93,0,0,0,nan,False,nan,nan,nan,nan,nan,nan,1.5753064155578613,complete,,wf_grammar_compare/wf_grammar_compare_20260518_171305/windows/window_001/gamma000000/pop_017/eval_arrays.npz
1,gamma000000,18,1,2,3,93,0,0,0,nan,False,-16.886841560051963,-9.75869467891752,23.589819400006647,-16.886841560051963,-9.75869467891752,23.589819400006647,1.7794201374053955,complete,,wf_grammar_compare/wf_grammar_compare_20260518_171305/windows/window_001/gamma000000/pop_018/eval_arrays.npz
1,gamma000000,19,1,2,3,93,4,4,4,4.781043762041694,True,3.2546606837266494,2.668305396379924,3.590344296124637,4.73095744505153,4.1463489063131265,4.830886587567595,3.6057655811309814,complete,,wf_grammar_compare/wf_grammar_compare_20260518_171305/windows/window_001/gamma000000/pop_019/eval_arrays.npz
1,gamma000000,20,1,2,3,93,0,0,0,nan,False,nan,nan,nan,nan,nan,nan,1.0771100521087646,complete,,wf_grammar_compare/wf_grammar_compare_20260518_171305/windows/window_001/gamma000000/pop_020/eval_arrays.npz
1,gamma000000,21,1,2,3,93,1,1,1,4.0721942327090845,True,3.2516657281679406,2.7248676375391523,4.0721942327090845,3.2516657281679406,2.7248676375391523,4.0721942327090845,1.6505286693572998,complete,,wf_grammar_compare/wf_grammar_compare_20260518_171305/windows/window_001/gamma000000/pop_021/eval_arrays.npz
1,gamma000000,22,1,2,3,93,11,11,11,4.425653846366367,True,1.3563391127109685,1.3290405704930135,1.7071063349108202,5.679099419602599,5.121280913153744,5.055088600887764,1.7998993396759033,complete,,wf_grammar_compare/wf_grammar_compare_20260518_171305/windows/window_001/gamma000000/pop_022/eval_arrays.npz
1,gamma000000,23,1,2,3,93,0,0,0,nan,False,nan,nan,nan,nan,nan,nan,2.8761496543884277,complete,,wf_grammar_compare/wf_grammar_compare_20260518_171305/windows/window_001/gamma000000/pop_023/eval_arrays.npz
1,gamma000000,24,1,2,3,93,0,0,0,nan,False,nan,nan,nan,nan,nan,nan,2.387866497039795,complete,,wf_grammar_compare/wf_grammar_compare_20260518_171305/windows/window_001/gamma000000/pop_024/eval_arrays.npz
1,gamma000000,25,1,2,3,93,4,2,2,5.622114173029276,True,3.5974299588392404,1.4696721482898645,2.983152484648144,6.120347763046297,5.474040587199825,5.811597560048484,1.9247798919677734,complete,,wf_grammar_compare/wf_grammar_compare_20260518_171305/windows/window_001/gamma000000/pop_025/eval_arrays.npz
1,gamma000000,26,1,2,3,93,1,1,1,5.943802416024193,True,-1.3039113083017606,-0.9505190080891222,-0.9189367550602263,6.751473262756417,5.369829969201096,5.943802416024193,2.090719699859619,complete,,wf_grammar_compare/wf_grammar_compare_20260518_171305/windows/window_001/gamma000000/pop_026/eval_arrays.npz
1,gamma000000,27,1,2,3,93,2,2,2,5.137635492365563,True,5.876810058166865,3.861708941526252,5.137635492365563,5.876810058166865,3.861708941526252,5.137635492365563,2.8401856422424316,complete,,wf_grammar_compare/wf_grammar_compare_20260518_171305/windows/window_001/gamma000000/pop_027/eval_arrays.npz
1,gamma000000,28,1,2,3,93,12,10,10,5.418608074109605,True,-3.1557616742944763,-0.8211226631811828,-0.5967042609994887,6.53731265556212,5.342335737780072,6.157397067637247,1.5623302459716797,complete,,wf_grammar_compare/wf_grammar_compare_20260518_171305/windows/window_001/gamma000000/pop_028/eval_arrays.npz
1,gamma000000,29,1,2,3,93,1,1,1,5.132782494841439,True,5.331942459742536,3.795534964710988,5.132782494841439,5.331942459742536,3.795534964710988,5.132782494841439,1.6612608432769775,complete,,wf_grammar_compare/wf_grammar_compare_20260518_171305/windows/window_001/gamma000000/pop_029/eval_arrays.npz
1,gamma095098,0,1,2,3,93,0,0,0,nan,False,-5.291855031898761,-3.8097072258247064,-4.850922093532305,-5.291855031898761,-3.8097072258247064,-4.850922093532305,1.9240436553955078,complete,,wf_grammar_compare/wf_grammar_compare_20260518_171305/windows/window_001/gamma095098/pop_000/eval_arrays.npz
1,gamma095098,1,1,2,3,93,4,4,4,4.111361991303325,True,-1.4053145949462256,-1.1235038713416636,-0.703305338910804,4.062413683206577,2.4946922818583284,4.730238102568472,2.765852689743042,complete,,wf_grammar_compare/wf_grammar_compare_20260518_171305/windows/window_001/gamma095098/pop_001/eval_arrays.npz
1,gamma095098,2,1,2,3,93,2,2,2,5.117218569051387,True,-2.332421165457081,0.0800847880362701,1.6070114327013443,6.345970537430673,4.618740571419502,5.390672482095613,1.8413500785827637,complete,,wf_grammar_compare/wf_grammar_compare_20260518_171305/windows/window_001/gamma095098/pop_002/eval_arrays.npz
1,gamma095098,3,1,2,3,93,0,0,0,nan,False,0.4760474568057469,-0.9089928425052813,1.914888389730792,0.4760474568057469,-0.9089928425052813,1.914888389730792,1.6133732795715332,complete,,wf_grammar_compare/wf_grammar_compare_20260518_171305/windows/window_001/gamma095098/pop_003/eval_arrays.npz
1,gamma095098,4,1,2,3,93,1,1,1,5.586638206963854,True,5.72490609935675,4.71364767394263,5.586638206963854,5.72490609935675,4.71364767394263,5.586638206963854,2.1664981842041016,complete,,wf_grammar_compare/wf_grammar_compare_20260518_171305/windows/window_001/gamma095098/pop_004/eval_arrays.npz
1,gamma095098,5,1,2,3,93,0,0,0,nan,False,nan,nan,nan,nan,nan,nan,2.0785157680511475,complete,,wf_grammar_compare/wf_grammar_compare_20260518_171305/windows/window_001/gamma095098/pop_005/eval_arrays.npz
1,gamma095098,6,1,2,3,93,0,0,0,nan,False,nan,nan,nan,nan,nan,nan,1.0940380096435547,complete,,wf_grammar_compare/wf_grammar_compare_20260518_171305/windows/window_001/gamma095098/pop_006/eval_arrays.npz
1,gamma095098,7,1,2,3,93,0,0,0,nan,False,-0.22718922801528352,-0.35779373845008944,0.04333690858730037,0.18522415027563477,-0.0012059475435747156,0.10814884658959037,0.9695782661437988,complete,,wf_grammar_compare/wf_grammar_compare_20260518_171305/windows/window_001/gamma095098/pop_007/eval_arrays.npz
1,gamma095098,8,1,2,3,93,3,3,3,5.6150276397479635,True,6.399820116632044,5.452273209023186,5.6150276397479635,7.332545172592304,5.878879650001099,6.32551893824339,1.6933000087738037,complete,,wf_grammar_compare/wf_grammar_compare_20260518_171305/windows/window_001/gamma095098/pop_008/eval_arrays.npz
1,gamma095098,9,1,2,3,93,0,0,0,nan,False,nan,nan,nan,nan,nan,nan,1.3523235321044922,complete,,wf_grammar_compare/wf_grammar_compare_20260518_171305/windows/window_001/gamma095098/pop_009/eval_arrays.npz
1,gamma095098,10,1,2,3,93,0,0,0,nan,False,nan,nan,nan,nan,nan,nan,3.0131421089172363,complete,,wf_grammar_compare/wf_grammar_compare_20260518_171305/windows/window_001/gamma095098/pop_010/eval_arrays.npz
1,gamma095098,11,1,2,3,93,0,0,0,nan,False,-4.2292536059602135,-3.2276095793903448,-3.9277063815073077,-4.150054854398423,-3.1856703859241526,-3.8204078744003684,2.457988977432251,complete,,wf_grammar_compare/wf_grammar_compare_20260518_171305/windows/window_001/gamma095098/pop_011/eval_arrays.npz
1,gamma095098,12,1,2,3,93,1,1,1,5.0830799065634045,True,5.976841656614602,5.9936202414042965,5.0830799065634045,5.976841656614602,5.9936202414042965,5.0830799065634045,1.6734347343444824,complete,,wf_grammar_compare/wf_grammar_compare_20260518_171305/windows/window_001/gamma095098/pop_012/eval_arrays.npz
1,gamma095098,13,1,2,3,93,0,0,0,nan,False,nan,nan,nan,nan,nan,nan,1.5972983837127686,complete,,wf_grammar_compare/wf_grammar_compare_20260518_171305/windows/window_001/gamma095098/pop_013/eval_arrays.npz
1,gamma095098,14,1,2,3,93,2,1,1,4.0831668780514345,True,0.3527823261521509,0.24715699693172358,0.5901640002945209,5.201225761099633,3.6491664687618357,4.0831668780514345,1.1662404537200928,complete,,wf_grammar_compare/wf_grammar_compare_20260518_171305/windows/window_001/gamma095098/pop_014/eval_arrays.npz
1,gamma095098,15,1,2,3,93,0,0,0,nan,False,nan,nan,nan,nan,nan,nan,1.922670841217041,complete,,wf_grammar_compare/wf_grammar_compare_20260518_171305/windows/window_001/gamma095098/pop_015/eval_arrays.npz
1,gamma095098,16,1,2,3,93,0,0,0,nan,False,nan,nan,nan,nan,nan,nan,1.457073450088501,complete,,wf_grammar_compare/wf_grammar_compare_20260518_171305/windows/window_001/gamma095098/pop_016/eval_arrays.npz
1,gamma095098,17,1,2,3,93,2,2,2,6.217167476926536,True,3.2822826231390043,2.6631542119014413,2.656620099617308,7.42459198243945,5.967166698413364,6.247008929075497,1.5522737503051758,complete,,wf_grammar_compare/wf_grammar_compare_20260518_171305/windows/window_001/gamma095098/pop_017/eval_arrays.npz
1,gamma095098,18,1,2,3,93,0,0,0,nan,False,nan,nan,nan,nan,nan,nan,2.3614754676818848,complete,,wf_grammar_compare/wf_grammar_compare_20260518_171305/windows/window_001/gamma095098/pop_018/eval_arrays.npz
1,gamma095098,19,1,2,3,93,2,2,2,4.908271145715117,True,3.223709602240254,2.683450669755043,3.579932315446707,4.4517576810978285,4.010087082513587,5.235023158179747,2.0026280879974365,complete,,wf_grammar_compare/wf_grammar_compare_20260518_171305/windows/window_001/gamma095098/pop_019/eval_arrays.npz
1,gamma095098,20,1,2,3,93,0,0,0,nan,False,-4.971442417538955,-3.600896146123935,-4.257588499125758,-3.887411803426913,-3.0196408089409923,-3.71196391553575,1.0054781436920166,complete,,wf_grammar_compare/wf_grammar_compare_20260518_171305/windows/window_001/gamma095098/pop_020/eval_arrays.npz
1,gamma095098,21,1,2,3,93,2,2,2,5.956439059232226,True,6.7441085569700014,5.25189933565616,5.956439059232226,6.766181708161444,5.288933818797523,6.025928713238861,1.4224858283996582,complete,,wf_grammar_compare/wf_grammar_compare_20260518_171305/windows/window_001/gamma095098/pop_021/eval_arrays.npz
1,gamma095098,22,1,2,3,93,0,0,0,nan,False,-1.5791209078868438,-3.454074110211503,-3.5142436597277777,0.7931355594800814,-3.454074110211503,-3.5142436597277777,1.5146169662475586,complete,,wf_grammar_compare/wf_grammar_compare_20260518_171305/windows/window_001/gamma095098/pop_022/eval_arrays.npz
1,gamma095098,23,1,2,3,93,0,0,0,nan,False,-3.6597523263758815,-3.114819563173522,-3.7853097451285116,-3.6597523263758815,-3.114819563173522,-3.7853097451285116,1.2581794261932373,complete,,wf_grammar_compare/wf_grammar_compare_20260518_171305/windows/window_001/gamma095098/pop_023/eval_arrays.npz
1,gamma095098,24,1,2,3,93,0,0,0,nan,False,0.7931355594800814,nan,nan,0.7931355594800814,nan,nan,2.2366108894348145,complete,,wf_grammar_compare/wf_grammar_compare_20260518_171305/windows/window_001/gamma095098/pop_024/eval_arrays.npz
1,gamma095098,25,1,2,3,93,1,1,1,5.050572017236271,True,4.115163970407,2.862194319739605,5.050572017236271,4.115163970407,2.862194319739605,5.050572017236271,1.07470703125,complete,,wf_grammar_compare/wf_grammar_compare_20260518_171305/windows/window_001/gamma095098/pop_025/eval_arrays.npz
1,gamma095098,26,1,2,3,93,0,0,0,nan,False,nan,nan,nan,nan,nan,nan,1.849778175354004,complete,,wf_grammar_compare/wf_grammar_compare_20260518_171305/windows/window_001/gamma095098/pop_026/eval_arrays.npz
1,gamma095098,27,1,2,3,93,0,0,0,nan,False,nan,nan,nan,nan,nan,nan,1.503105640411377,complete,,wf_grammar_compare/wf_grammar_compare_20260518_171305/windows/window_001/gamma095098/pop_027/eval_arrays.npz
1,gamma095098,28,1,2,3,93,1,1,1,6.041724517017842,True,7.469688921530928,5.599257880227155,6.041724517017842,7.469688921530928,5.599257880227155,6.041724517017842,2.345942258834839,complete,,wf_grammar_compare/wf_grammar_compare_20260518_171305/windows/window_001/gamma095098/pop_028/eval_arrays.npz
1,gamma095098,29,1,2,3,93,0,0,0,nan,False,nan,nan,nan,nan,nan,nan,1.6359386444091797,complete,,wf_grammar_compare/wf_grammar_compare_20260518_171305/windows/window_001/gamma095098/pop_029/eval_arrays.npz
1,null,0,1,2,3,93,1,1,1,4.408211699644308,True,0.6033588664695901,0.3895549878281803,1.2298562655738126,3.921245462042003,2.9478285529516794,4.408211699644308,2.2566022872924805,complete,,wf_grammar_compare/wf_grammar_compare_20260518_171305/windows/window_001/null/pop_000/eval_arrays.npz
1,null,1,1,2,3,93,9,9,9,4.597415886056888,True,2.5580714206844966,1.8511589485650475,2.455808279877725,6.280607868642308,4.664894215275459,5.125800027692954,1.6092338562011719,complete,,wf_grammar_compare/wf_grammar_compare_20260518_171305/windows/window_001/null/pop_001/eval_arrays.npz
1,null,2,1,2,3,93,2,2,2,5.528067877817181,True,6.082492675177332,5.5632726396610295,5.528067877817181,6.298192738220487,5.619373461217138,5.735701690911305,1.852356195449829,complete,,wf_grammar_compare/wf_grammar_compare_20260518_171305/windows/window_001/null/pop_002/eval_arrays.npz
1,null,3,1,2,3,93,0,0,0,nan,False,nan,nan,nan,nan,nan,nan,2.846497058868408,complete,,wf_grammar_compare/wf_grammar_compare_20260518_171305/windows/window_001/null/pop_003/eval_arrays.npz
1,null,4,1,2,3,93,0,0,0,nan,False,nan,nan,nan,nan,nan,nan,1.6292035579681396,complete,,wf_grammar_compare/wf_grammar_compare_20260518_171305/windows/window_001/null/pop_004/eval_arrays.npz
1,null,5,1,2,3,93,0,0,0,nan,False,nan,nan,nan,nan,nan,nan,1.587299108505249,complete,,wf_grammar_compare/wf_grammar_compare_20260518_171305/windows/window_001/null/pop_005/eval_arrays.npz
1,null,6,1,2,3,93,1,1,1,4.970406223882273,True,5.502199241712031,3.5231153039581193,4.970406223882273,5.502199241712031,3.5231153039581193,4.970406223882273,1.535630226135254,complete,,wf_grammar_compare/wf_grammar_compare_20260518_171305/windows/window_001/null/pop_006/eval_arrays.npz
1,null,7,1,2,3,93,0,0,0,nan,False,nan,nan,nan,nan,nan,nan,3.2136073112487793,complete,,wf_grammar_compare/wf_grammar_compare_20260518_171305/windows/window_001/null/pop_007/eval_arrays.npz
1,null,8,1,2,3,93,0,0,0,nan,False,nan,nan,nan,nan,nan,nan,1.491323709487915,complete,,wf_grammar_compare/wf_grammar_compare_20260518_171305/windows/window_001/null/pop_008/eval_arrays.npz
1,null,9,1,2,3,93,0,0,0,nan,False,nan,nan,nan,nan,nan,nan,1.649231195449829,complete,,wf_grammar_compare/wf_grammar_compare_20260518_171305/windows/window_001/null/pop_009/eval_arrays.npz
1,null,10,1,2,3,93,1,1,1,6.026575496479985,True,7.149210222597876,5.339133211905474,6.026575496479985,7.149210222597876,5.339133211905474,6.026575496479985,1.5241937637329102,complete,,wf_grammar_compare/wf_grammar_compare_20260518_171305/windows/window_001/null/pop_010/eval_arrays.npz
1,null,11,1,2,3,93,0,0,0,nan,False,nan,nan,nan,nan,nan,nan,2.428818702697754,complete,,wf_grammar_compare/wf_grammar_compare_20260518_171305/windows/window_001/null/pop_011/eval_arrays.npz
1,null,12,1,2,3,93,3,3,3,4.671033193921322,True,4.789684347699562,3.354716541275437,4.671033193921322,5.479676671937018,3.6628277652070778,4.975761081287393,2.2262232303619385,complete,,wf_grammar_compare/wf_grammar_compare_20260518_171305/windows/window_001/null/pop_012/eval_arrays.npz
1,null,13,1,2,3,93,0,0,0,nan,False,nan,nan,nan,nan,nan,nan,1.7018640041351318,complete,,wf_grammar_compare/wf_grammar_compare_20260518_171305/windows/window_001/null/pop_013/eval_arrays.npz
1,null,14,1,2,3,93,1,1,1,5.715894992243959,True,6.111700213582079,4.683187930819171,5.715894992243959,6.111700213582079,4.683187930819171,5.715894992243959,1.5049102306365967,complete,,wf_grammar_compare/wf_grammar_compare_20260518_171305/windows/window_001/null/pop_014/eval_arrays.npz
1,null,15,1,2,3,93,0,0,0,nan,False,nan,nan,nan,nan,nan,nan,2.3702244758605957,complete,,wf_grammar_compare/wf_grammar_compare_20260518_171305/windows/window_001/null/pop_015/eval_arrays.npz
1,null,16,1,2,3,93,0,0,0,nan,False,nan,nan,nan,nan,nan,nan,2.3231360912323,complete,,wf_grammar_compare/wf_grammar_compare_20260518_171305/windows/window_001/null/pop_016/eval_arrays.npz
1,null,17,1,2,3,93,0,0,0,nan,False,nan,nan,nan,nan,nan,nan,2.0841634273529053,complete,,wf_grammar_compare/wf_grammar_compare_20260518_171305/windows/window_001/null/pop_017/eval_arrays.npz
1,null,18,1,2,3,93,0,0,0,nan,False,nan,nan,nan,nan,nan,nan,1.5785515308380127,complete,,wf_grammar_compare/wf_grammar_compare_20260518_171305/windows/window_001/null/pop_018/eval_arrays.npz
1,null,19,1,2,3,93,0,0,0,nan,False,nan,nan,nan,nan,nan,nan,2.158186912536621,complete,,wf_grammar_compare/wf_grammar_compare_20260518_171305/windows/window_001/null/pop_019/eval_arrays.npz
1,null,20,1,2,3,93,1,1,1,4.645028533963502,True,4.210652127434511,3.46877028451154,4.645028533963502,4.210652127434511,3.46877028451154,4.645028533963502,2.5800576210021973,complete,,wf_grammar_compare/wf_grammar_compare_20260518_171305/windows/window_001/null/pop_020/eval_arrays.npz
1,null,21,1,2,3,93,3,3,3,6.346200835436735,True,3.77413142243965,3.2273836575405586,3.3663884162976205,7.264343334888877,6.030324465095911,6.346200835436735,1.84598970413208,complete,,wf_grammar_compare/wf_grammar_compare_20260518_171305/windows/window_001/null/pop_021/eval_arrays.npz
1,null,22,1,2,3,93,1,1,1,6.1421235214680046,True,7.275353613267137,5.922579893725571,6.1421235214680046,7.275353613267137,5.922579893725571,6.1421235214680046,1.6124982833862305,complete,,wf_grammar_compare/wf_grammar_compare_20260518_171305/windows/window_001/null/pop_022/eval_arrays.npz
1,null,23,1,2,3,93,0,0,0,nan,False,nan,nan,nan,nan,nan,nan,2.160688638687134,complete,,wf_grammar_compare/wf_grammar_compare_20260518_171305/windows/window_001/null/pop_023/eval_arrays.npz
1,null,24,1,2,3,93,2,2,2,5.075823152390805,True,3.1139454764291354,3.033796970065268,3.5566403018833435,6.440002175669058,6.059636501987155,5.184082665313297,2.7760863304138184,complete,,wf_grammar_compare/wf_grammar_compare_20260518_171305/windows/window_001/null/pop_024/eval_arrays.npz
1,null,25,1,2,3,93,0,0,0,nan,False,nan,nan,nan,nan,nan,nan,1.763749599456787,complete,,wf_grammar_compare/wf_grammar_compare_20260518_171305/windows/window_001/null/pop_025/eval_arrays.npz
1,null,26,1,2,3,93,0,0,0,nan,False,nan,nan,nan,nan,nan,nan,1.7422890663146973,complete,,wf_grammar_compare/wf_grammar_compare_20260518_171305/windows/window_001/null/pop_026/eval_arrays.npz
1,null,27,1,2,3,93,2,2,2,4.715935808420374,True,2.3831201390236005,2.243336779724399,3.119285662419252,4.935955856899528,4.454541008328244,4.97387280774796,1.8428514003753662,complete,,wf_grammar_compare/wf_grammar_compare_20260518_171305/windows/window_001/null/pop_027/eval_arrays.npz
1,null,28,1,2,3,93,5,5,5,5.022658751124109,True,4.849763004583171,4.36052089776692,5.022658751124109,6.597020704795267,5.712609255032811,6.164363634402709,2.941676139831543,complete,,wf_grammar_compare/wf_grammar_compare_20260518_171305/windows/window_001/null/pop_028/eval_arrays.npz
1,null,29,1,2,3,93,0,0,0,nan,False,nan,nan,nan,nan,nan,nan,1.663668155670166,complete,,wf_grammar_compare/wf_grammar_compare_20260518_171305/windows/window_001/null/pop_029/eval_arrays.npz
2,gamma000000,0,2,3,4,93,0,0,0,nan,False,nan,nan,nan,nan,nan,nan,34.45193290710449,complete,,wf_grammar_compare/wf_grammar_compare_20260518_171305/windows/window_002/gamma000000/pop_000/eval_arrays.npz
2,gamma000000,1,2,3,4,93,0,0,0,nan,False,nan,nan,nan,nan,nan,nan,1.6937904357910156,complete,,wf_grammar_compare/wf_grammar_compare_20260518_171305/windows/window_002/gamma000000/pop_001/eval_arrays.npz
2,gamma000000,2,2,3,4,93,0,0,0,nan,False,nan,nan,nan,nan,nan,nan,1.6117665767669678,complete,,wf_grammar_compare/wf_grammar_compare_20260518_171305/windows/window_002/gamma000000/pop_002/eval_arrays.npz
2,gamma000000,3,2,3,4,93,0,0,0,nan,False,nan,nan,nan,nan,nan,nan,2.5970375537872314,complete,,wf_grammar_compare/wf_grammar_compare_20260518_171305/windows/window_002/gamma000000/pop_003/eval_arrays.npz
2,gamma000000,4,2,3,4,93,0,0,0,nan,False,0.40837272716445894,-3.3564691580139074,-1.3837605178604968,0.40837272716445894,-3.3564691580139074,-1.3837605178604968,2.276451349258423,complete,,wf_grammar_compare/wf_grammar_compare_20260518_171305/windows/window_002/gamma000000/pop_004/eval_arrays.npz
2,gamma000000,5,2,3,4,93,0,0,0,nan,False,nan,nan,nan,nan,nan,nan,1.7152342796325684,complete,,wf_grammar_compare/wf_grammar_compare_20260518_171305/windows/window_002/gamma000000/pop_005/eval_arrays.npz
2,gamma000000,6,2,3,4,93,0,0,0,nan,False,nan,nan,nan,nan,nan,nan,1.6018211841583252,complete,,wf_grammar_compare/wf_grammar_compare_20260518_171305/windows/window_002/gamma000000/pop_006/eval_arrays.npz
2,gamma000000,7,2,3,4,93,0,0,0,nan,False,nan,nan,nan,nan,nan,nan,0.9916532039642334,complete,,wf_grammar_compare/wf_grammar_compare_20260518_171305/windows/window_002/gamma000000/pop_007/eval_arrays.npz
2,gamma000000,8,2,3,4,93,0,0,0,nan,False,nan,nan,nan,nan,nan,nan,3.010223627090454,complete,,wf_grammar_compare/wf_grammar_compare_20260518_171305/windows/window_002/gamma000000/pop_008/eval_arrays.npz
2,gamma000000,9,2,3,4,93,0,0,0,nan,False,nan,nan,nan,nan,nan,nan,1.677405595779419,complete,,wf_grammar_compare/wf_grammar_compare_20260518_171305/windows/window_002/gamma000000/pop_009/eval_arrays.npz
2,gamma000000,10,2,3,4,93,0,0,0,nan,False,nan,nan,nan,nan,nan,nan,1.7506966590881348,complete,,wf_grammar_compare/wf_grammar_compare_20260518_171305/windows/window_002/gamma000000/pop_010/eval_arrays.npz
2,gamma000000,11,2,3,4,93,0,0,0,nan,False,nan,nan,nan,nan,nan,nan,2.231710195541382,complete,,wf_grammar_compare/wf_grammar_compare_20260518_171305/windows/window_002/gamma000000/pop_011/eval_arrays.npz
2,gamma000000,12,2,3,4,93,0,0,0,nan,False,nan,nan,nan,nan,nan,nan,2.599475145339966,complete,,wf_grammar_compare/wf_grammar_compare_20260518_171305/windows/window_002/gamma000000/pop_012/eval_arrays.npz
2,gamma000000,13,2,3,4,93,0,0,0,nan,False,nan,nan,nan,nan,nan,nan,1.6376605033874512,complete,,wf_grammar_compare/wf_grammar_compare_20260518_171305/windows/window_002/gamma000000/pop_013/eval_arrays.npz
2,gamma000000,14,2,3,4,93,0,0,0,nan,False,nan,nan,nan,nan,nan,nan,1.7371978759765625,complete,,wf_grammar_compare/wf_grammar_compare_20260518_171305/windows/window_002/gamma000000/pop_014/eval_arrays.npz
2,gamma000000,15,2,3,4,93,0,0,0,nan,False,nan,nan,nan,nan,nan,nan,1.8545246124267578,complete,,wf_grammar_compare/wf_grammar_compare_20260518_171305/windows/window_002/gamma000000/pop_015/eval_arrays.npz
2,gamma000000,16,2,3,4,93,0,0,0,nan,False,nan,nan,nan,nan,nan,nan,2.363901376724243,complete,,wf_grammar_compare/wf_grammar_compare_20260518_171305/windows/window_002/gamma000000/pop_016/eval_arrays.npz
2,gamma000000,17,2,3,4,93,0,0,0,nan,False,nan,nan,nan,nan,nan,nan,2.607165813446045,complete,,wf_grammar_compare/wf_grammar_compare_20260518_171305/windows/window_002/gamma000000/pop_017/eval_arrays.npz
2,gamma000000,18,2,3,4,93,0,0,0,nan,False,nan,nan,nan,nan,nan,nan,1.9354867935180664,complete,,wf_grammar_compare/wf_grammar_compare_20260518_171305/windows/window_002/gamma000000/pop_018/eval_arrays.npz
2,gamma000000,19,2,3,4,93,0,0,0,nan,False,nan,nan,nan,nan,nan,nan,3.7449898719787598,complete,,wf_grammar_compare/wf_grammar_compare_20260518_171305/windows/window_002/gamma000000/pop_019/eval_arrays.npz
2,gamma000000,20,2,3,4,93,0,0,0,nan,False,nan,nan,nan,nan,nan,nan,2.8613314628601074,complete,,wf_grammar_compare/wf_grammar_compare_20260518_171305/windows/window_002/gamma000000/pop_020/eval_arrays.npz
2,gamma000000,21,2,3,4,93,0,0,0,nan,False,nan,nan,nan,nan,nan,nan,1.8784165382385254,complete,,wf_grammar_compare/wf_grammar_compare_20260518_171305/windows/window_002/gamma000000/pop_021/eval_arrays.npz
2,gamma000000,22,2,3,4,93,0,0,0,nan,False,nan,nan,nan,nan,nan,nan,3.832296848297119,complete,,wf_grammar_compare/wf_grammar_compare_20260518_171305/windows/window_002/gamma000000/pop_022/eval_arrays.npz
2,gamma000000,23,2,3,4,93,0,0,0,nan,False,nan,nan,nan,nan,nan,nan,0.9756209850311279,complete,,wf_grammar_compare/wf_grammar_compare_20260518_171305/windows/window_002/gamma000000/pop_023/eval_arrays.npz
2,gamma000000,24,2,3,4,93,0,0,0,nan,False,nan,nan,nan,nan,nan,nan,1.777984380722046,complete,,wf_grammar_compare/wf_grammar_compare_20260518_171305/windows/window_002/gamma000000/pop_024/eval_arrays.npz
2,gamma000000,25,2,3,4,93,0,0,0,nan,False,nan,nan,nan,nan,nan,nan,1.7419524192810059,complete,,wf_grammar_compare/wf_grammar_compare_20260518_171305/windows/window_002/gamma000000/pop_025/eval_arrays.npz
2,gamma000000,26,2,3,4,93,0,0,0,nan,False,nan,nan,nan,nan,nan,nan,2.467111825942993,complete,,wf_grammar_compare/wf_grammar_compare_20260518_171305/windows/window_002/gamma000000/pop_026/eval_arrays.npz
2,gamma000000,27,2,3,4,93,0,0,0,nan,False,nan,nan,nan,nan,nan,nan,1.5431499481201172,complete,,wf_grammar_compare/wf_grammar_compare_20260518_171305/windows/window_002/gamma000000/pop_027/eval_arrays.npz
2,gamma000000,28,2,3,4,93,0,0,0,nan,False,nan,nan,nan,nan,nan,nan,1.4090778827667236,complete,,wf_grammar_compare/wf_grammar_compare_20260518_171305/windows/window_002/gamma000000/pop_028/eval_arrays.npz
2,gamma000000,29,2,3,4,93,0,0,0,nan,False,nan,nan,nan,nan,nan,nan,1.681647539138794,complete,,wf_grammar_compare/wf_grammar_compare_20260518_171305/windows/window_002/gamma000000/pop_029/eval_arrays.npz
2,gamma095098,0,2,3,4,93,3,4,3,5.204660028728125,True,0.31204086150105226,2.141386297435392,1.0443842214456929,5.467399863369125,5.493146682318352,6.136455995813424,3.519651412963867,complete,,wf_grammar_compare/wf_grammar_compare_20260518_171305/windows/window_002/gamma095098/pop_000/eval_arrays.npz
2,gamma095098,1,2,3,4,93,1,1,1,4.3821907057933895,True,3.0760602569842384,4.505024001375325,4.3821907057933895,3.0760602569842384,4.505024001375325,4.3821907057933895,1.6443169116973877,complete,,wf_grammar_compare/wf_grammar_compare_20260518_171305/windows/window_002/gamma095098/pop_001/eval_arrays.npz
2,gamma095098,2,2,3,4,93,2,4,2,5.3816829423880534,True,-0.5472829543542632,1.686566354616601,-0.06631202368897404,4.567891934574344,5.245924269447397,5.53236158540429,2.24237322807312,complete,,wf_grammar_compare/wf_grammar_compare_20260518_171305/windows/window_002/gamma095098/pop_002/eval_arrays.npz
2,gamma095098,3,2,3,4,93,0,0,0,nan,False,nan,nan,nan,nan,nan,nan,3.1417341232299805,complete,,wf_grammar_compare/wf_grammar_compare_20260518_171305/windows/window_002/gamma095098/pop_003/eval_arrays.npz
2,gamma095098,4,2,3,4,93,0,0,0,nan,False,-3.734224873710285,-4.831872539685541,-4.523384208871417,-3.734224873710285,-4.831872539685541,-4.523384208871417,2.4195268154144287,complete,,wf_grammar_compare/wf_grammar_compare_20260518_171305/windows/window_002/gamma095098/pop_004/eval_arrays.npz
2,gamma095098,5,2,3,4,93,0,0,0,nan,False,nan,nan,nan,nan,nan,nan,1.549323320388794,complete,,wf_grammar_compare/wf_grammar_compare_20260518_171305/windows/window_002/gamma095098/pop_005/eval_arrays.npz
2,gamma095098,6,2,3,4,93,1,1,1,5.764858529992838,True,4.761127370700751,5.489220320946311,5.764858529992838,4.761127370700751,5.489220320946311,5.764858529992838,2.6924729347229004,complete,,wf_grammar_compare/wf_grammar_compare_20260518_171305/windows/window_002/gamma095098/pop_006/eval_arrays.npz
2,gamma095098,7,2,3,4,93,1,1,1,4.714919929667832,True,4.080008061318968,4.654862577377194,4.714919929667832,4.080008061318968,4.654862577377194,4.714919929667832,2.1828322410583496,complete,,wf_grammar_compare/wf_grammar_compare_20260518_171305/windows/window_002/gamma095098/pop_007/eval_arrays.npz
2,gamma095098,8,2,3,4,93,4,4,4,4.5582595843496385,True,3.7940783320335894,4.4903005703386665,4.5582595843496385,5.321721433759611,5.691106452976362,6.187309273957779,1.6390655040740967,complete,,wf_grammar_compare/wf_grammar_compare_20260518_171305/windows/window_002/gamma095098/pop_008/eval_arrays.npz
2,gamma095098,9,2,3,4,93,4,4,4,5.62622407214005,True,4.79960350267107,5.647600898970663,5.62622407214005,5.5716182781646975,5.8358582853460765,5.968484031805635,1.4543185234069824,complete,,wf_grammar_compare/wf_grammar_compare_20260518_171305/windows/window_002/gamma095098/pop_009/eval_arrays.npz
2,gamma095098,10,2,3,4,93,0,0,0,nan,False,nan,nan,nan,nan,nan,nan,1.602386713027954,complete,,wf_grammar_compare/wf_grammar_compare_20260518_171305/windows/window_002/gamma095098/pop_010/eval_arrays.npz
2,gamma095098,11,2,3,4,93,2,2,2,6.372357559556937,True,1.014917150951122,2.094036733268703,1.4291160069164306,6.030324465095911,6.346200835436735,6.843636073479129,2.9489212036132812,complete,,wf_grammar_compare/wf_grammar_compare_20260518_171305/windows/window_002/gamma095098/pop_011/eval_arrays.npz
2,gamma095098,12,2,3,4,93,0,0,0,nan,False,nan,nan,nan,nan,nan,nan,1.6692826747894287,complete,,wf_grammar_compare/wf_grammar_compare_20260518_171305/windows/window_002/gamma095098/pop_012/eval_arrays.npz
2,gamma095098,13,2,3,4,93,1,1,1,5.620758701296159,True,3.821054268724368,4.919031232147902,5.620758701296159,3.821054268724368,4.919031232147902,5.620758701296159,1.7739763259887695,complete,,wf_grammar_compare/wf_grammar_compare_20260518_171305/windows/window_002/gamma095098/pop_013/eval_arrays.npz
2,gamma095098,14,2,3,4,93,1,1,1,3.9181312282580283,True,-0.08293947874998753,-0.09331022314969613,0.4908229795049152,3.322252972523666,4.266907893668427,3.9181312282580283,1.2626838684082031,complete,,wf_grammar_compare/wf_grammar_compare_20260518_171305/windows/window_002/gamma095098/pop_014/eval_arrays.npz
2,gamma095098,15,2,3,4,93,3,3,3,6.242822748414361,True,5.492647539989888,6.0704413531641634,6.242822748414361,5.782446740829677,6.183320903655605,6.474193893815404,2.4545624256134033,complete,,wf_grammar_compare/wf_grammar_compare_20260518_171305/windows/window_002/gamma095098/pop_015/eval_arrays.npz
2,gamma095098,16,2,3,4,93,6,6,6,5.574077472477927,True,4.951648230944184,5.504848235816936,5.574077472477927,5.541074457677635,6.198433669385952,6.850959442202579,1.6515159606933594,complete,,wf_grammar_compare/wf_grammar_compare_20260518_171305/windows/window_002/gamma095098/pop_016/eval_arrays.npz
2,gamma095098,17,2,3,4,93,0,0,0,nan,False,nan,nan,nan,nan,nan,nan,1.6067030429840088,complete,,wf_grammar_compare/wf_grammar_compare_20260518_171305/windows/window_002/gamma095098/pop_017/eval_arrays.npz
2,gamma095098,18,2,3,4,93,1,1,1,6.7065928277135045,True,5.517811192235533,5.990267379636662,6.7065928277135045,5.517811192235533,5.990267379636662,6.7065928277135045,2.8117356300354004,complete,,wf_grammar_compare/wf_grammar_compare_20260518_171305/windows/window_002/gamma095098/pop_018/eval_arrays.npz
2,gamma095098,19,2,3,4,93,6,6,6,5.59894219343834,True,5.294311364061381,5.71564542845728,5.59894219343834,5.686926781730838,6.520121786798037,6.860132045487107,2.227733612060547,complete,,wf_grammar_compare/wf_grammar_compare_20260518_171305/windows/window_002/gamma095098/pop_019/eval_arrays.npz
2,gamma095098,20,2,3,4,93,0,0,0,nan,False,nan,nan,nan,nan,nan,nan,2.181171417236328,complete,,wf_grammar_compare/wf_grammar_compare_20260518_171305/windows/window_002/gamma095098/pop_020/eval_arrays.npz
2,gamma095098,21,2,3,4,93,0,0,0,nan,False,-1.817628367578797,-3.0184661645323607,-3.301649372905225,0.5146824175579342,-0.730189224681089,-1.1853790482304793,1.677553653717041,complete,,wf_grammar_compare/wf_grammar_compare_20260518_171305/windows/window_002/gamma095098/pop_021/eval_arrays.npz
2,gamma095098,22,2,3,4,93,0,0,0,nan,False,nan,nan,nan,nan,nan,nan,1.2611186504364014,complete,,wf_grammar_compare/wf_grammar_compare_20260518_171305/windows/window_002/gamma095098/pop_022/eval_arrays.npz
2,gamma095098,23,2,3,4,93,2,2,2,4.906582681597306,True,-0.7865376041631587,-1.0058743237153418,-1.5842894028947687,5.398082449211318,5.112992913153763,5.421777408528617,3.963197946548462,complete,,wf_grammar_compare/wf_grammar_compare_20260518_171305/windows/window_002/gamma095098/pop_023/eval_arrays.npz
2,gamma095098,24,2,3,4,93,0,0,0,nan,False,-4.01866001064723,-4.233595973025755,-4.913277116685237,-4.01866001064723,-4.233595973025755,-4.913277116685237,2.234758138656616,complete,,wf_grammar_compare/wf_grammar_compare_20260518_171305/windows/window_002/gamma095098/pop_024/eval_arrays.npz
2,gamma095098,25,2,3,4,93,0,0,0,nan,False,nan,nan,nan,nan,nan,nan,3.885169506072998,complete,,wf_grammar_compare/wf_grammar_compare_20260518_171305/windows/window_002/gamma095098/pop_025/eval_arrays.npz
2,gamma095098,26,2,3,4,93,0,0,0,nan,False,nan,nan,nan,nan,nan,nan,1.6159663200378418,complete,,wf_grammar_compare/wf_grammar_compare_20260518_171305/windows/window_002/gamma095098/pop_026/eval_arrays.npz
2,gamma095098,27,2,3,4,93,0,0,0,nan,False,nan,nan,nan,nan,nan,nan,1.904416799545288,complete,,wf_grammar_compare/wf_grammar_compare_20260518_171305/windows/window_002/gamma095098/pop_027/eval_arrays.npz
2,gamma095098,28,2,3,4,93,0,0,0,nan,False,nan,nan,nan,nan,nan,nan,3.6952993869781494,complete,,wf_grammar_compare/wf_grammar_compare_20260518_171305/windows/window_002/gamma095098/pop_028/eval_arrays.npz
2,gamma095098,29,2,3,4,93,1,2,1,4.749565738086948,True,-3.1811231307638956,5.491297077897704,0.2097151086276261,2.9896875060498393,6.084898673195461,4.749565738086948,1.8555383682250977,complete,,wf_grammar_compare/wf_grammar_compare_20260518_171305/windows/window_002/gamma095098/pop_029/eval_arrays.npz
2,null,0,2,3,4,93,0,0,0,nan,False,nan,nan,nan,nan,nan,nan,1.9148905277252197,complete,,wf_grammar_compare/wf_grammar_compare_20260518_171305/windows/window_002/null/pop_000/eval_arrays.npz
2,null,1,2,3,4,93,0,0,0,nan,False,nan,nan,nan,nan,nan,nan,2.6785876750946045,complete,,wf_grammar_compare/wf_grammar_compare_20260518_171305/windows/window_002/null/pop_001/eval_arrays.npz
2,null,2,2,3,4,93,0,0,0,nan,False,-0.19303090566455092,0.06811784307617866,-0.6325400766562292,0.3308187289943904,0.4626156386251751,-0.41295342273175717,2.006498336791992,complete,,wf_grammar_compare/wf_grammar_compare_20260518_171305/windows/window_002/null/pop_002/eval_arrays.npz
2,null,3,2,3,4,93,0,0,0,nan,False,nan,nan,nan,nan,nan,nan,1.6923649311065674,complete,,wf_grammar_compare/wf_grammar_compare_20260518_171305/windows/window_002/null/pop_003/eval_arrays.npz
2,null,4,2,3,4,93,1,1,1,2.4773249888527054,True,2.3971546112599253,3.5288098656047318,2.4773249888527054,2.3971546112599253,3.5288098656047318,2.4773249888527054,2.1804239749908447,complete,,wf_grammar_compare/wf_grammar_compare_20260518_171305/windows/window_002/null/pop_004/eval_arrays.npz
2,null,5,2,3,4,93,1,1,1,6.065146525773724,True,4.952004785771723,5.806997395405305,6.065146525773724,4.952004785771723,5.806997395405305,6.065146525773724,3.669210195541382,complete,,wf_grammar_compare/wf_grammar_compare_20260518_171305/windows/window_002/null/pop_005/eval_arrays.npz
2,null,6,2,3,4,93,3,4,3,4.918697045076538,True,-0.6876964618246085,4.953456432533136,2.171831579330129,3.862033531999445,5.798059304918831,4.925964304666009,1.6513357162475586,complete,,wf_grammar_compare/wf_grammar_compare_20260518_171305/windows/window_002/null/pop_006/eval_arrays.npz
2,null,7,2,3,4,93,0,0,0,nan,False,nan,nan,nan,nan,nan,nan,1.498636245727539,complete,,wf_grammar_compare/wf_grammar_compare_20260518_171305/windows/window_002/null/pop_007/eval_arrays.npz
2,null,8,2,3,4,93,1,2,1,5.207847638254245,True,2.6727407526383034,4.003665330434497,3.5433754657813834,4.098464962258778,5.580928134360099,5.207847638254245,1.6874001026153564,complete,,wf_grammar_compare/wf_grammar_compare_20260518_171305/windows/window_002/null/pop_008/eval_arrays.npz
2,null,9,2,3,4,93,2,2,2,5.56562891675113,True,0.5475791439405268,0.09162316554598182,-0.18381553916983262,5.50366274827894,5.721405467884461,6.086029211685358,2.9202334880828857,complete,,wf_grammar_compare/wf_grammar_compare_20260518_171305/windows/window_002/null/pop_009/eval_arrays.npz
2,null,10,2,3,4,93,1,1,1,5.878154251641184,True,5.0783247818841595,5.44597504818005,5.878154251641184,5.0783247818841595,5.44597504818005,5.878154251641184,1.8713171482086182,complete,,wf_grammar_compare/wf_grammar_compare_20260518_171305/windows/window_002/null/pop_010/eval_arrays.npz
2,null,11,2,3,4,93,0,0,0,nan,False,nan,nan,nan,nan,nan,nan,1.9315366744995117,complete,,wf_grammar_compare/wf_grammar_compare_20260518_171305/windows/window_002/null/pop_011/eval_arrays.npz
2,null,12,2,3,4,93,1,1,1,4.533665200491604,True,3.6766830528809615,4.549598066342486,4.533665200491604,3.6766830528809615,4.549598066342486,4.533665200491604,3.522193431854248,complete,,wf_grammar_compare/wf_grammar_compare_20260518_171305/windows/window_002/null/pop_012/eval_arrays.npz
2,null,13,2,3,4,93,1,1,1,6.221689817629589,True,4.9443055570669845,5.645542677302421,6.221689817629589,4.9443055570669845,5.645542677302421,6.221689817629589,1.6485850811004639,complete,,wf_grammar_compare/wf_grammar_compare_20260518_171305/windows/window_002/null/pop_013/eval_arrays.npz
2,null,14,2,3,4,93,0,0,0,nan,False,nan,nan,nan,nan,nan,nan,1.7109661102294922,complete,,wf_grammar_compare/wf_grammar_compare_20260518_171305/windows/window_002/null/pop_014/eval_arrays.npz
2,null,15,2,3,4,93,0,0,0,nan,False,nan,nan,nan,nan,nan,nan,2.9645779132843018,complete,,wf_grammar_compare/wf_grammar_compare_20260518_171305/windows/window_002/null/pop_015/eval_arrays.npz
2,null,16,2,3,4,93,4,4,4,5.329600167080267,True,5.204226280051686,5.126543571619339,5.329600167080267,5.322821139747766,5.4861314633782134,6.038959441432506,2.1584529876708984,complete,,wf_grammar_compare/wf_grammar_compare_20260518_171305/windows/window_002/null/pop_016/eval_arrays.npz
2,null,17,2,3,4,93,0,0,0,nan,False,nan,nan,nan,nan,nan,nan,1.7720186710357666,complete,,wf_grammar_compare/wf_grammar_compare_20260518_171305/windows/window_002/null/pop_017/eval_arrays.npz
2,null,18,2,3,4,93,0,0,0,nan,False,nan,nan,nan,nan,nan,nan,1.8831870555877686,complete,,wf_grammar_compare/wf_grammar_compare_20260518_171305/windows/window_002/null/pop_018/eval_arrays.npz
2,null,19,2,3,4,93,5,6,5,4.999396958180922,True,-1.6674898079993183,1.4566422187706332,-1.0340389788111835,5.794408176465599,6.919377422032609,6.054705963276535,3.9843521118164062,complete,,wf_grammar_compare/wf_grammar_compare_20260518_171305/windows/window_002/null/pop_019/eval_arrays.npz
2,null,20,2,3,4,93,2,2,2,4.030560162490243,True,3.8964210786146785,4.9207596291471685,4.030560162490243,4.515698497652183,5.4051300515061875,4.769849750697625,1.6796047687530518,complete,,wf_grammar_compare/wf_grammar_compare_20260518_171305/windows/window_002/null/pop_020/eval_arrays.npz
2,null,21,2,3,4,93,0,0,0,nan,False,nan,nan,nan,nan,nan,nan,1.8990554809570312,complete,,wf_grammar_compare/wf_grammar_compare_20260518_171305/windows/window_002/null/pop_021/eval_arrays.npz
2,null,22,2,3,4,93,2,3,2,5.321256029430549,True,-4.371035881526293,6.090120947217571,0.27455112184503133,4.703293427990373,7.833928682536693,5.505908437972516,2.9566829204559326,complete,,wf_grammar_compare/wf_grammar_compare_20260518_171305/windows/window_002/null/pop_022/eval_arrays.npz
2,null,23,2,3,4,93,0,0,0,nan,False,nan,nan,nan,nan,nan,nan,1.7934188842773438,complete,,wf_grammar_compare/wf_grammar_compare_20260518_171305/windows/window_002/null/pop_023/eval_arrays.npz
2,null,24,2,3,4,93,0,0,0,nan,False,nan,nan,nan,nan,nan,nan,1.5896337032318115,complete,,wf_grammar_compare/wf_grammar_compare_20260518_171305/windows/window_002/null/pop_024/eval_arrays.npz
2,null,25,2,3,4,93,1,1,1,5.843985392339273,True,2.125548855657219,2.775566099696392,2.4601579928216992,4.7692906333919325,5.922569174121585,5.843985392339273,1.153803825378418,complete,,wf_grammar_compare/wf_grammar_compare_20260518_171305/windows/window_002/null/pop_025/eval_arrays.npz
2,null,26,2,3,4,93,0,0,0,nan,False,nan,nan,nan,nan,nan,nan,3.2269303798675537,complete,,wf_grammar_compare/wf_grammar_compare_20260518_171305/windows/window_002/null/pop_026/eval_arrays.npz
2,null,27,2,3,4,93,1,1,1,6.014956347100098,True,4.788925447334771,5.607526350898251,6.014956347100098,4.788925447334771,5.607526350898251,6.014956347100098,1.56687331199646,complete,,wf_grammar_compare/wf_grammar_compare_20260518_171305/windows/window_002/null/pop_027/eval_arrays.npz
2,null,28,2,3,4,93,0,0,0,nan,False,nan,nan,nan,nan,nan,nan,1.6061732769012451,complete,,wf_grammar_compare/wf_grammar_compare_20260518_171305/windows/window_002/null/pop_028/eval_arrays.npz
2,null,29,2,3,4,93,1,1,1,6.573791519087914,True,5.191082283754053,5.905855914836318,6.573791519087914,5.191082283754053,5.905855914836318,6.573791519087914,1.5130484104156494,complete,,wf_grammar_compare/wf_grammar_compare_20260518_171305/windows/window_002/null/pop_029/eval_arrays.npz
