time,pid,rss_gb,vms_gb,child_count,child_rss_gb,system_mem_percent,swap_percent,threads,fds,open_files,disk_free_gb,gpu_used_mb,gpu_total_mb,gpu_util_percent,tmp_files__tmp,tmp_gb__tmp,tmp_files_._tmp,tmp_gb_._tmp,tmp_files_._streamlit_tmp,tmp_gb_._streamlit_tmp
2026-05-09 17:37:40,660253,0.1924,1.0351,0,0.0,38.8,36.5,14,5,1,864.4619,1087.0,8192.0,0.0,217,0.0002,0,0.0,0,0.0
2026-05-09 17:37:46,660253,0.3744,2.9548,0,0.0,40.7,36.5,25,5,1,864.4619,1082.0,8192.0,0.0,217,0.0002,0,0.0,0,0.0
2026-05-09 17:37:52,660253,0.3001,2.9505,8,1.4257,40.1,36.5,16,27,1,864.4619,1072.0,8192.0,0.0,217,0.0002,0,0.0,0,0.0
2026-05-09 17:37:57,660253,0.3001,2.9505,1,0.0,39.8,36.5,16,27,1,864.4619,1070.0,8192.0,0.0,217,0.0002,0,0.0,0,0.0
2026-05-09 17:38:02,660253,0.3879,3.04,0,0.0,40.7,36.5,15,10,3,864.4612,1074.0,8192.0,2.0,217,0.0002,0,0.0,0,0.0
2026-05-09 17:38:07,660253,0.4023,3.0545,0,0.0,41.0,36.5,15,10,3,864.4611,1083.0,8192.0,4.0,217,0.0002,0,0.0,0,0.0
2026-05-09 17:38:12,660253,0.4056,3.0659,0,0.0,39.9,36.5,15,10,3,864.4604,1086.0,8192.0,1.0,218,0.0002,0,0.0,0,0.0
2026-05-09 17:38:19,660253,0.4803,3.1405,0,0.0,41.6,36.5,15,10,3,864.4604,1071.0,8192.0,5.0,218,0.0002,0,0.0,0,0.0
2026-05-09 17:38:25,660253,0.4803,3.1405,0,0.0,41.9,36.5,15,10,3,864.4604,1100.0,8192.0,0.0,218,0.0002,0,0.0,0,0.0
2026-05-09 17:38:30,660253,0.4803,3.1405,0,0.0,40.0,36.5,15,10,3,864.4604,1097.0,8192.0,3.0,218,0.0002,0,0.0,0,0.0
2026-05-09 17:38:35,660253,0.4803,3.1405,0,0.0,40.0,36.5,15,10,3,864.4604,1074.0,8192.0,3.0,218,0.0002,0,0.0,0,0.0
2026-05-09 17:38:40,660253,0.4803,3.1405,0,0.0,40.0,36.5,15,10,3,864.4604,1075.0,8192.0,0.0,218,0.0002,0,0.0,0,0.0
2026-05-09 17:38:45,660253,0.4803,3.1405,0,0.0,40.0,36.5,15,10,3,864.4604,1070.0,8192.0,2.0,218,0.0002,0,0.0,0,0.0
2026-05-09 17:38:50,660253,0.4803,3.1405,0,0.0,40.0,36.5,15,10,3,864.4604,1071.0,8192.0,1.0,218,0.0002,0,0.0,0,0.0
2026-05-09 17:38:55,660253,0.42,3.0724,0,0.0,39.3,36.5,15,10,3,864.4598,1075.0,8192.0,5.0,218,0.0002,0,0.0,0,0.0
2026-05-09 17:39:00,660253,0.4214,3.0757,0,0.0,39.3,36.5,15,10,3,864.4596,1101.0,8192.0,6.0,218,0.0002,0,0.0,0,0.0
2026-05-09 17:39:06,660253,0.496,3.1503,0,0.0,40.2,36.5,15,10,3,864.4596,1092.0,8192.0,0.0,218,0.0002,0,0.0,0,0.0
2026-05-09 17:39:13,660253,0.395,3.0472,0,0.0,38.9,36.5,15,10,3,864.4588,1083.0,8192.0,2.0,218,0.0002,0,0.0,0,0.0
2026-05-09 17:39:18,660253,0.4323,3.0845,0,0.0,39.3,36.5,15,10,4,864.4586,1069.0,8192.0,0.0,218,0.0002,0,0.0,0,0.0
2026-05-09 17:39:23,660253,0.4334,3.0855,0,0.0,39.5,36.5,15,10,3,864.4579,1091.0,8192.0,0.0,218,0.0002,0,0.0,0,0.0
2026-05-09 17:39:28,660253,0.508,3.1601,0,0.0,40.5,36.5,15,10,3,864.4579,1088.0,8192.0,0.0,218,0.0002,0,0.0,0,0.0
2026-05-09 17:39:33,660253,0.508,3.1601,0,0.0,40.4,36.5,15,10,3,864.4579,1086.0,8192.0,0.0,218,0.0002,0,0.0,0,0.0
2026-05-09 17:39:38,660253,0.508,3.1601,0,0.0,40.4,36.5,15,10,3,864.4579,1090.0,8192.0,6.0,218,0.0002,0,0.0,0,0.0
2026-05-09 17:39:45,660253,0.508,3.1601,0,0.0,40.4,36.5,15,10,3,864.4579,1100.0,8192.0,0.0,218,0.0002,0,0.0,0,0.0
2026-05-09 17:39:50,660253,0.508,3.1601,0,0.0,40.4,36.5,15,10,3,864.4579,1101.0,8192.0,0.0,218,0.0002,0,0.0,0,0.0
2026-05-09 17:39:56,660253,0.508,3.1601,0,0.0,40.4,36.5,15,10,3,864.4579,1070.0,8192.0,0.0,218,0.0002,0,0.0,0,0.0
2026-05-09 17:40:01,660253,0.508,3.1601,0,0.0,40.4,36.5,15,10,3,864.4579,1072.0,8192.0,0.0,218,0.0002,0,0.0,0,0.0
2026-05-09 17:40:06,660253,0.508,3.1601,0,0.0,40.4,36.5,15,10,3,864.4579,1073.0,8192.0,0.0,218,0.0002,0,0.0,0,0.0
2026-05-09 17:40:11,660253,0.508,3.1601,0,0.0,40.4,36.5,15,10,3,864.4579,1065.0,8192.0,11.0,218,0.0002,0,0.0,0,0.0
2026-05-09 17:40:16,660253,0.508,3.1601,0,0.0,40.4,36.5,15,10,3,864.4579,1079.0,8192.0,0.0,218,0.0002,0,0.0,0,0.0
2026-05-09 17:40:21,660253,0.4334,3.0855,0,0.0,39.4,36.5,15,10,3,864.4577,1071.0,8192.0,0.0,218,0.0002,0,0.0,0,0.0
2026-05-09 17:40:26,660253,0.4244,3.0786,0,0.0,39.3,36.5,15,10,3,864.457,1068.0,8192.0,0.0,218,0.0002,0,0.0,0,0.0
2026-05-09 17:40:31,660253,0.4991,3.1532,0,0.0,40.3,36.5,15,10,3,864.457,1068.0,8192.0,2.0,218,0.0002,0,0.0,0,0.0
2026-05-09 17:40:37,660253,0.4991,3.1532,0,0.0,40.3,36.5,15,10,3,864.457,1178.0,8192.0,6.0,218,0.0002,0,0.0,0,0.0
2026-05-09 17:40:42,660253,0.4991,3.1532,0,0.0,40.3,36.5,15,10,3,864.457,1086.0,8192.0,0.0,218,0.0002,0,0.0,0,0.0
2026-05-09 17:40:47,660253,0.4991,3.1532,0,0.0,40.3,36.5,15,10,3,864.457,1098.0,8192.0,6.0,218,0.0002,0,0.0,0,0.0
2026-05-09 17:40:52,660253,0.4991,3.1532,0,0.0,40.3,36.5,15,10,3,864.457,1096.0,8192.0,2.0,218,0.0002,0,0.0,0,0.0
2026-05-09 17:40:57,660253,0.4991,3.1532,0,0.0,40.3,36.5,15,10,3,864.457,1088.0,8192.0,0.0,218,0.0002,0,0.0,0,0.0
2026-05-09 17:41:02,660253,0.4991,3.1532,0,0.0,40.3,36.5,15,10,3,864.457,1115.0,8192.0,5.0,218,0.0002,0,0.0,0,0.0
2026-05-09 17:41:07,660253,0.4913,3.1532,0,0.0,40.3,36.5,15,10,3,864.457,1118.0,8192.0,5.0,218,0.0002,0,0.0,0,0.0
2026-05-09 17:41:12,660253,0.4244,3.0786,0,0.0,39.4,36.5,15,10,3,864.4567,1118.0,8192.0,0.0,218,0.0002,0,0.0,0,0.0
2026-05-09 17:41:17,660253,0.468,3.1204,0,0.0,39.9,36.5,15,10,3,864.456,1120.0,8192.0,0.0,218,0.0002,0,0.0,0,0.0
2026-05-09 17:41:23,660253,0.5053,3.1577,0,0.0,40.5,36.5,15,10,3,864.456,1109.0,8192.0,0.0,218,0.0002,0,0.0,0,0.0
2026-05-09 17:41:28,660253,0.5053,3.1577,0,0.0,40.3,36.5,15,10,3,864.456,1107.0,8192.0,5.0,218,0.0002,0,0.0,0,0.0
2026-05-09 17:41:33,660253,0.5053,3.1577,0,0.0,40.3,36.5,15,10,3,864.456,1105.0,8192.0,0.0,218,0.0002,0,0.0,0,0.0
2026-05-09 17:41:38,660253,0.5053,3.1577,0,0.0,40.3,36.5,15,10,3,864.456,1107.0,8192.0,0.0,218,0.0002,0,0.0,0,0.0
2026-05-09 17:41:43,660253,0.5054,3.1577,0,0.0,40.3,36.5,15,10,3,864.456,1108.0,8192.0,1.0,218,0.0002,0,0.0,0,0.0
2026-05-09 17:41:50,660253,0.4308,3.0831,0,0.0,40.0,36.5,15,10,3,864.4559,1107.0,8192.0,0.0,218,0.0002,0,0.0,0,0.0
2026-05-09 17:41:55,660253,0.4272,3.0815,0,0.0,39.3,36.5,15,10,3,864.455,1100.0,8192.0,1.0,218,0.0002,0,0.0,0,0.0
2026-05-09 17:42:00,660253,0.5019,3.1561,0,0.0,40.3,36.5,15,10,3,864.455,1100.0,8192.0,0.0,218,0.0002,0,0.0,0,0.0
2026-05-09 17:42:05,660253,0.5019,3.1561,0,0.0,40.3,36.5,15,10,3,864.455,1110.0,8192.0,0.0,218,0.0002,0,0.0,0,0.0
2026-05-09 17:42:10,660253,0.5019,3.1561,0,0.0,40.3,36.5,15,10,3,864.455,1117.0,8192.0,0.0,218,0.0002,0,0.0,0,0.0
2026-05-09 17:42:15,660253,0.5019,3.1561,0,0.0,40.3,36.5,15,10,3,864.455,1116.0,8192.0,0.0,218,0.0002,0,0.0,0,0.0
2026-05-09 17:42:21,660253,0.5019,3.1561,0,0.0,40.3,36.5,15,10,3,864.455,1116.0,8192.0,0.0,218,0.0002,0,0.0,0,0.0
2026-05-09 17:42:26,660253,0.5019,3.1561,0,0.0,40.5,36.5,15,10,3,864.455,1108.0,8192.0,0.0,218,0.0002,0,0.0,0,0.0
2026-05-09 17:42:31,660253,0.4272,3.0815,0,0.0,39.4,36.5,15,10,3,864.4549,1092.0,8192.0,0.0,218,0.0002,0,0.0,0,0.0
2026-05-09 17:42:36,660253,0.4338,3.0858,0,0.0,39.5,36.5,15,10,3,864.4539,1090.0,8192.0,0.0,218,0.0002,0,0.0,0,0.0
2026-05-09 17:42:41,660253,0.5084,3.1605,0,0.0,40.5,36.5,15,10,3,864.4539,1095.0,8192.0,2.0,218,0.0002,0,0.0,0,0.0
2026-05-09 17:42:46,660253,0.5084,3.1605,0,0.0,40.5,36.5,15,10,3,864.4539,1087.0,8192.0,0.0,218,0.0002,0,0.0,0,0.0
2026-05-09 17:42:51,660253,0.5084,3.1605,0,0.0,40.4,36.5,15,10,3,864.4539,1070.0,8192.0,0.0,218,0.0002,0,0.0,0,0.0
2026-05-09 17:42:56,660253,0.5084,3.1605,0,0.0,40.4,36.5,15,10,3,864.4539,1078.0,8192.0,0.0,218,0.0002,0,0.0,0,0.0
2026-05-09 17:43:01,660253,0.5084,3.1605,0,0.0,40.4,36.5,15,10,3,864.4539,1103.0,8192.0,0.0,218,0.0002,0,0.0,0,0.0
2026-05-09 17:43:06,660253,0.4338,3.0858,0,0.0,39.5,36.5,15,10,3,864.4537,1097.0,8192.0,0.0,218,0.0002,0,0.0,0,0.0
2026-05-09 17:43:12,660253,0.5179,3.1705,0,0.0,40.6,36.5,15,10,3,864.4529,1089.0,8192.0,0.0,218,0.0002,0,0.0,0,0.0
2026-05-09 17:43:17,660253,0.5179,3.1705,0,0.0,40.5,36.5,15,10,3,864.4529,1081.0,8192.0,0.0,218,0.0002,0,0.0,0,0.0
2026-05-09 17:43:22,660253,0.4433,3.0959,0,0.0,39.6,36.5,15,10,3,864.4529,1087.0,8192.0,7.0,218,0.0002,0,0.0,0,0.0
2026-05-09 17:43:27,660253,0.4449,3.0978,0,0.0,39.6,36.5,15,10,3,864.4518,1093.0,8192.0,3.0,218,0.0002,0,0.0,0,0.0
2026-05-09 17:43:32,660253,0.5196,3.1724,0,0.0,40.5,36.5,15,10,3,864.4518,1088.0,8192.0,0.0,218,0.0002,0,0.0,0,0.0
2026-05-09 17:43:37,660253,0.5196,3.1724,0,0.0,40.5,36.5,15,10,3,864.4518,1096.0,8192.0,4.0,218,0.0002,0,0.0,0,0.0
2026-05-09 17:43:44,660253,0.5196,3.1724,0,0.0,40.5,36.5,15,10,3,864.4518,1101.0,8192.0,6.0,218,0.0002,0,0.0,0,0.0
2026-05-09 17:43:49,660253,0.5196,3.1724,0,0.0,40.6,36.5,15,10,3,864.4518,1112.0,8192.0,12.0,218,0.0002,0,0.0,0,0.0
2026-05-09 17:43:54,660253,0.5196,3.1724,0,0.0,40.8,36.5,15,10,3,864.4518,1102.0,8192.0,1.0,219,0.0002,0,0.0,0,0.0
2026-05-09 17:44:00,660253,0.5196,3.1724,0,0.0,41.1,36.5,15,10,3,864.4518,1092.0,8192.0,2.0,220,0.0002,0,0.0,0,0.0
2026-05-09 17:44:05,660253,0.4449,3.0978,0,0.0,40.1,36.5,15,10,3,864.4516,1087.0,8192.0,0.0,220,0.0002,0,0.0,0,0.0
2026-05-09 17:44:10,660253,0.5207,3.1734,0,0.0,41.1,36.5,15,10,3,864.4507,1091.0,8192.0,1.0,220,0.0002,0,0.0,0,0.0
2026-05-09 17:44:15,660253,0.5207,3.1734,0,0.0,41.2,36.5,15,10,3,864.4507,1093.0,8192.0,1.0,220,0.0002,0,0.0,0,0.0
2026-05-09 17:44:20,660253,0.5207,3.1734,0,0.0,41.2,36.5,15,10,3,864.4507,1062.0,8192.0,1.0,220,0.0002,0,0.0,0,0.0
2026-05-09 17:44:25,660253,0.5207,3.1734,0,0.0,41.2,36.5,15,10,3,864.4507,1065.0,8192.0,1.0,220,0.0002,0,0.0,0,0.0
2026-05-09 17:44:30,660253,0.5207,3.1734,0,0.0,41.2,36.5,15,10,3,864.4507,1068.0,8192.0,1.0,220,0.0002,0,0.0,0,0.0
2026-05-09 17:44:36,660253,0.5207,3.1734,0,0.0,41.2,36.5,15,10,3,864.4507,1091.0,8192.0,1.0,220,0.0002,0,0.0,0,0.0
2026-05-09 17:44:41,660253,0.4461,3.0988,0,0.0,40.2,36.5,15,11,4,864.4505,1082.0,8192.0,1.0,220,0.0002,0,0.0,0,0.0
2026-05-09 17:44:46,660253,0.4886,3.1406,0,0.0,40.8,36.5,15,10,3,864.4496,1078.0,8192.0,0.0,220,0.0002,0,0.0,0,0.0
2026-05-09 17:44:51,660253,0.526,3.1788,0,0.0,41.3,36.5,15,10,3,864.4496,1088.0,8192.0,1.0,220,0.0002,0,0.0,0,0.0
2026-05-09 17:44:56,660253,0.526,3.1788,0,0.0,41.3,36.5,15,10,3,864.4496,1093.0,8192.0,1.0,220,0.0002,0,0.0,0,0.0
2026-05-09 17:45:03,660253,0.5261,3.1788,0,0.0,41.3,36.5,15,10,3,864.4496,1094.0,8192.0,1.0,220,0.0002,0,0.0,0,0.0
2026-05-09 17:45:08,660253,0.5261,3.1788,0,0.0,41.3,36.5,15,10,3,864.4496,1108.0,8192.0,7.0,220,0.0002,0,0.0,0,0.0
2026-05-09 17:45:14,660253,0.4591,3.112,0,0.0,40.4,36.5,15,10,3,864.4485,1116.0,8192.0,4.0,220,0.0002,0,0.0,0,0.0
2026-05-09 17:45:19,660253,0.5337,3.1867,0,0.0,41.4,36.5,15,10,3,864.4485,1120.0,8192.0,0.0,220,0.0002,0,0.0,0,0.0
2026-05-09 17:45:24,660253,0.5337,3.1867,0,0.0,41.3,36.5,15,10,3,864.4485,1092.0,8192.0,0.0,220,0.0002,0,0.0,0,0.0
2026-05-09 17:45:29,660253,0.5337,3.1867,0,0.0,41.4,36.5,15,10,3,864.4485,1092.0,8192.0,0.0,220,0.0002,0,0.0,0,0.0
2026-05-09 17:45:36,660253,0.4591,3.112,0,0.0,40.5,36.5,15,10,3,864.4484,1096.0,8192.0,1.0,220,0.0002,0,0.0,0,0.0
2026-05-09 17:45:41,660253,0.4609,3.113,0,0.0,40.4,36.5,15,10,3,864.4474,1102.0,8192.0,0.0,220,0.0002,0,0.0,0,0.0
2026-05-09 17:45:46,660253,0.5356,3.1876,0,0.0,41.4,36.5,15,10,3,864.4474,1112.0,8192.0,1.0,220,0.0002,0,0.0,0,0.0
2026-05-09 17:45:52,660253,0.5356,3.1876,0,0.0,41.3,36.5,15,10,3,864.4474,1097.0,8192.0,2.0,220,0.0002,0,0.0,0,0.0
2026-05-09 17:45:57,660253,0.5356,3.1876,0,0.0,41.4,36.5,15,10,3,864.4474,1091.0,8192.0,0.0,220,0.0002,0,0.0,0,0.0
2026-05-09 17:46:02,660253,0.5356,3.1876,0,0.0,41.4,36.5,15,10,3,864.4474,1095.0,8192.0,1.0,220,0.0002,0,0.0,0,0.0
2026-05-09 17:46:07,660253,0.461,3.114,0,0.0,40.4,36.5,15,10,3,864.4468,1086.0,8192.0,0.0,220,0.0002,0,0.0,0,0.0
2026-05-09 17:46:12,660253,0.5154,3.168,0,0.0,41.1,36.5,15,10,3,864.4462,1042.0,8192.0,1.0,220,0.0002,0,0.0,0,0.0
2026-05-09 17:46:17,660253,0.5154,3.168,0,0.0,41.1,36.5,15,10,3,864.4462,1057.0,8192.0,9.0,220,0.0002,0,0.0,0,0.0
2026-05-09 17:46:25,660253,0.5154,3.168,0,0.0,41.1,36.5,15,10,3,864.4462,1014.0,8192.0,4.0,220,0.0002,0,0.0,0,0.0
2026-05-09 17:46:30,660253,0.5154,3.168,0,0.0,41.1,36.5,15,10,3,864.4462,1013.0,8192.0,5.0,220,0.0002,0,0.0,0,0.0
2026-05-09 17:46:35,660253,0.5155,3.168,0,0.0,41.1,36.5,15,10,3,864.4462,1034.0,8192.0,7.0,220,0.0002,0,0.0,0,0.0
2026-05-09 17:46:40,660253,0.5155,3.168,0,0.0,41.2,36.5,15,10,3,864.4462,1038.0,8192.0,8.0,220,0.0002,0,0.0,0,0.0
2026-05-09 17:46:45,660253,0.4531,3.1061,0,0.0,40.3,36.5,15,10,3,864.4458,1052.0,8192.0,6.0,220,0.0002,0,0.0,0,0.0
2026-05-09 17:46:51,660253,0.4922,3.1467,0,0.0,40.9,36.5,15,10,3,864.4451,1011.0,8192.0,6.0,220,0.0002,0,0.0,0,0.0
2026-05-09 17:46:56,660253,0.5296,3.184,0,0.0,41.4,36.5,15,10,3,864.4451,1015.0,8192.0,6.0,220,0.0002,0,0.0,0,0.0
2026-05-09 17:47:03,660253,0.5296,3.184,0,0.0,41.4,36.5,15,10,3,864.4451,1066.0,8192.0,3.0,220,0.0002,0,0.0,0,0.0
2026-05-09 17:47:08,660253,0.5296,3.184,0,0.0,41.3,36.5,15,10,3,864.4451,1058.0,8192.0,3.0,220,0.0002,0,0.0,0,0.0
2026-05-09 17:47:13,660253,0.455,3.1094,0,0.0,40.3,36.5,15,10,3,864.4446,1060.0,8192.0,3.0,220,0.0002,0,0.0,0,0.0
2026-05-09 17:47:18,660253,0.5403,3.1929,0,0.0,41.5,36.5,15,10,3,864.4439,1077.0,8192.0,8.0,220,0.0002,0,0.0,0,0.0
2026-05-09 17:47:23,660253,0.4662,3.1183,0,0.0,40.5,36.5,15,10,3,864.4439,1083.0,8192.0,3.0,220,0.0002,0,0.0,0,0.0
2026-05-09 17:47:29,660253,0.47,3.123,0,0.0,40.6,36.5,15,10,3,864.4428,1072.0,8192.0,3.0,220,0.0002,0,0.0,0,0.0
2026-05-09 17:47:34,660253,0.5418,3.1948,0,0.0,41.5,36.5,15,10,3,864.4428,1065.0,8192.0,2.0,220,0.0002,0,0.0,0,0.0
2026-05-09 17:47:39,660253,0.5418,3.1948,0,0.0,41.5,36.5,15,10,3,864.4428,1081.0,8192.0,3.0,220,0.0002,0,0.0,0,0.0
2026-05-09 17:47:44,660253,0.5418,3.1948,0,0.0,41.5,36.5,15,10,3,864.4428,1076.0,8192.0,2.0,220,0.0002,0,0.0,0,0.0
2026-05-09 17:47:52,660253,0.5418,3.1948,0,0.0,41.5,36.5,15,10,3,864.4428,1088.0,8192.0,3.0,220,0.0002,0,0.0,0,0.0
2026-05-09 17:47:57,660253,0.5418,3.1948,0,0.0,41.4,36.5,15,10,3,864.4428,1098.0,8192.0,3.0,220,0.0002,0,0.0,0,0.0
2026-05-09 17:48:02,660253,0.5418,3.1948,0,0.0,41.5,36.5,15,10,3,864.4428,1106.0,8192.0,3.0,220,0.0002,0,0.0,0,0.0
2026-05-09 17:48:07,660253,0.5418,3.1948,0,0.0,41.5,36.5,15,10,3,864.4428,1022.0,8192.0,3.0,220,0.0002,0,0.0,0,0.0
2026-05-09 17:48:12,660253,0.4672,3.1202,0,0.0,40.5,36.5,15,10,3,864.4426,1074.0,8192.0,6.0,220,0.0002,0,0.0,0,0.0
2026-05-09 17:48:17,660253,0.4536,3.1065,0,0.0,40.5,36.5,15,10,3,864.4416,1076.0,8192.0,6.0,220,0.0002,0,0.0,0,0.0
2026-05-09 17:48:22,660253,0.5282,3.1811,0,0.0,41.3,36.5,15,10,3,864.4416,1082.0,8192.0,3.0,220,0.0002,0,0.0,0,0.0
2026-05-09 17:48:27,660253,0.5282,3.1811,0,0.0,41.3,36.5,15,10,3,864.4416,1068.0,8192.0,7.0,220,0.0002,0,0.0,0,0.0
2026-05-09 17:48:33,660253,0.5282,3.1811,0,0.0,40.3,36.5,15,10,3,864.4416,1155.0,8192.0,8.0,220,0.0002,0,0.0,0,0.0
2026-05-09 17:48:40,660253,0.4693,3.1222,0,0.0,40.5,36.5,15,11,4,864.4406,1075.0,8192.0,2.0,220,0.0002,0,0.0,0,0.0
2026-05-09 17:48:45,660253,0.544,3.1968,0,0.0,41.5,36.5,15,10,3,864.4404,1032.0,8192.0,5.0,220,0.0002,0,0.0,0,0.0
2026-05-09 17:48:50,660253,0.5446,3.1968,0,0.0,41.5,36.5,15,10,3,864.4404,1067.0,8192.0,1.0,220,0.0002,0,0.0,0,0.0
2026-05-09 17:48:55,660253,0.5446,3.1968,0,0.0,41.6,36.5,15,10,3,864.4404,1067.0,8192.0,5.0,220,0.0002,0,0.0,0,0.0
2026-05-09 17:49:01,660253,0.5446,3.1968,0,0.0,41.5,36.5,15,10,3,864.4404,1030.0,8192.0,2.0,220,0.0002,0,0.0,0,0.0
2026-05-09 17:49:06,660253,0.5446,3.1968,0,0.0,41.5,36.5,15,10,3,864.4404,1023.0,8192.0,2.0,220,0.0002,0,0.0,0,0.0
2026-05-09 17:49:10,660253,0.5446,3.1968,0,0.0,41.5,36.5,15,10,3,864.4404,1050.0,8192.0,8.0,220,0.0002,0,0.0,0,0.0
2026-05-09 17:49:15,660253,0.5446,3.1968,0,0.0,41.5,36.5,15,10,3,864.4404,1047.0,8192.0,1.0,220,0.0002,0,0.0,0,0.0
2026-05-09 17:49:20,660253,0.47,3.1222,0,0.0,40.5,36.5,15,10,3,864.4403,1034.0,8192.0,1.0,220,0.0002,0,0.0,0,0.0
2026-05-09 17:49:26,660253,0.508,3.1605,0,0.0,41.1,36.5,15,10,3,864.4392,1017.0,8192.0,1.0,220,0.0002,0,0.0,0,0.0
2026-05-09 17:49:31,660253,0.5456,3.1978,0,0.0,41.5,36.5,15,10,3,864.4392,1016.0,8192.0,1.0,220,0.0002,0,0.0,0,0.0
2026-05-09 17:49:36,660253,0.5456,3.1978,0,0.0,41.5,36.5,15,10,3,864.4392,1017.0,8192.0,1.0,220,0.0002,0,0.0,0,0.0
2026-05-09 17:49:41,660253,0.5456,3.1978,0,0.0,41.5,36.5,15,10,3,864.4392,1017.0,8192.0,1.0,220,0.0002,0,0.0,0,0.0
2026-05-09 17:49:46,660253,0.5456,3.1978,0,0.0,41.6,36.5,15,10,3,864.4392,1018.0,8192.0,1.0,220,0.0002,0,0.0,0,0.0
2026-05-09 17:49:51,660253,0.5456,3.1978,0,0.0,41.5,36.5,15,10,3,864.4392,1018.0,8192.0,1.0,220,0.0002,0,0.0,0,0.0
2026-05-09 17:49:56,660253,0.5456,3.1978,0,0.0,41.5,36.5,15,10,3,864.4392,1018.0,8192.0,1.0,220,0.0002,0,0.0,0,0.0
2026-05-09 17:50:01,660253,0.4712,3.1241,0,0.0,40.6,36.5,15,10,3,864.4388,1019.0,8192.0,1.0,220,0.0002,0,0.0,0,0.0
2026-05-09 17:50:07,660253,0.5463,3.1988,0,0.0,41.6,36.5,15,10,3,864.4381,1020.0,8192.0,1.0,220,0.0002,0,0.0,0,0.0
2026-05-09 17:50:12,660253,0.5465,3.1988,0,0.0,41.6,36.5,15,10,3,864.4381,1019.0,8192.0,1.0,220,0.0002,0,0.0,0,0.0
2026-05-09 17:50:17,660253,0.5466,3.1997,0,0.0,41.5,36.5,15,10,3,864.4381,1019.0,8192.0,1.0,220,0.0002,0,0.0,0,0.0
2026-05-09 17:50:22,660253,0.5466,3.1997,0,0.0,41.5,36.5,15,10,3,864.4381,1020.0,8192.0,1.0,220,0.0002,0,0.0,0,0.0
2026-05-09 17:50:28,660253,0.5466,3.1997,0,0.0,41.5,36.5,15,10,3,864.4381,1020.0,8192.0,1.0,220,0.0002,0,0.0,0,0.0
2026-05-09 17:50:33,660253,0.472,3.1251,0,0.0,40.6,36.5,15,10,3,864.438,1020.0,8192.0,1.0,220,0.0002,0,0.0,0,0.0
2026-05-09 17:50:38,660253,0.4353,3.0878,0,0.0,40.2,36.5,15,10,3,864.4369,1021.0,8192.0,2.0,220,0.0002,0,0.0,0,0.0
2026-05-09 17:50:43,660253,0.5477,3.2007,0,0.0,41.5,36.5,15,10,3,864.4369,1021.0,8192.0,1.0,220,0.0002,0,0.0,0,0.0
2026-05-09 17:50:48,660253,0.5477,3.2007,0,0.0,41.6,36.5,15,10,3,864.4369,1021.0,8192.0,1.0,220,0.0002,0,0.0,0,0.0
2026-05-09 17:50:54,660253,0.5477,3.2007,0,0.0,41.6,36.5,15,10,3,864.4369,1021.0,8192.0,1.0,220,0.0002,0,0.0,0,0.0
2026-05-09 17:50:59,660253,0.4731,3.1261,0,0.0,40.6,36.5,15,10,4,864.4368,1022.0,8192.0,3.0,220,0.0002,0,0.0,0,0.0
2026-05-09 17:51:04,660253,0.5004,3.1545,0,0.0,40.9,36.5,15,10,3,864.4357,1023.0,8192.0,1.0,220,0.0002,0,0.0,0,0.0
2026-05-09 17:51:09,660253,0.5381,3.1928,0,0.0,41.4,36.5,15,10,3,864.4357,1022.0,8192.0,1.0,220,0.0002,0,0.0,0,0.0
2026-05-09 17:51:16,660253,0.5381,3.1928,0,0.0,41.3,36.5,15,10,3,864.4357,1025.0,8192.0,1.0,220,0.0002,0,0.0,0,0.0
2026-05-09 17:51:21,660253,0.5381,3.1928,0,0.0,40.6,36.5,15,10,3,864.4357,1023.0,8192.0,1.0,220,0.0002,0,0.0,0,0.0
2026-05-09 17:51:26,660253,0.4805,3.1328,0,0.0,40.6,36.5,15,11,4,864.4346,1023.0,8192.0,1.0,220,0.0002,0,0.0,0,0.0
2026-05-09 17:51:32,660253,0.5406,3.1948,0,0.0,41.5,36.5,15,10,3,864.4345,1024.0,8192.0,1.0,220,0.0002,0,0.0,0,0.0
2026-05-09 17:51:37,660253,0.5406,3.1948,0,0.0,41.5,36.5,15,10,3,864.4345,1024.0,8192.0,1.0,220,0.0002,0,0.0,0,0.0
2026-05-09 17:51:42,660253,0.5406,3.1948,0,0.0,41.6,36.5,15,10,3,864.4345,1025.0,8192.0,1.0,220,0.0002,0,0.0,0,0.0
2026-05-09 17:51:47,660253,0.5406,3.1948,0,0.0,41.5,36.5,15,10,3,864.4345,1025.0,8192.0,1.0,220,0.0002,0,0.0,0,0.0
2026-05-09 17:51:52,660253,0.4715,3.1238,0,0.0,40.6,36.5,15,10,3,864.434,1025.0,8192.0,1.0,220,0.0002,0,0.0,0,0.0
2026-05-09 17:51:57,660253,0.5513,3.2036,0,0.0,41.6,36.5,15,10,3,864.4333,1026.0,8192.0,1.0,220,0.0002,0,0.0,0,0.0
2026-05-09 17:52:04,660253,0.5515,3.2046,0,0.0,41.6,36.5,15,10,3,864.4333,1026.0,8192.0,1.0,220,0.0002,0,0.0,0,0.0
2026-05-09 17:52:10,660253,0.5516,3.2046,0,0.0,41.6,36.5,15,10,3,864.4333,1026.0,8192.0,1.0,220,0.0002,0,0.0,0,0.0
2026-05-09 17:52:15,660253,0.4769,3.13,0,0.0,40.6,36.5,15,10,3,864.4332,1060.0,8192.0,1.0,220,0.0002,0,0.0,0,0.0
2026-05-09 17:52:20,660253,0.4672,3.1221,0,0.0,40.5,36.5,15,10,3,864.4321,1088.0,8192.0,2.0,220,0.0002,0,0.0,0,0.0
2026-05-09 17:52:25,660253,0.5426,3.1967,0,0.0,41.5,36.5,15,10,3,864.4321,1054.0,8192.0,1.0,220,0.0002,0,0.0,0,0.0
2026-05-09 17:52:30,660253,0.5426,3.1967,0,0.0,41.6,36.5,15,10,3,864.4321,1049.0,8192.0,2.0,220,0.0002,0,0.0,0,0.0
2026-05-09 17:52:36,660253,0.4679,3.1221,0,0.0,40.5,36.5,15,11,4,864.432,1041.0,8192.0,8.0,220,0.0002,0,0.0,0,0.0
2026-05-09 17:52:41,660253,0.4825,3.1348,0,0.0,40.7,36.5,15,11,4,864.4311,1035.0,8192.0,5.0,220,0.0002,0,0.0,0,0.0
2026-05-09 17:52:46,660253,0.5435,3.1977,0,0.0,41.5,36.5,15,10,3,864.4309,1035.0,8192.0,1.0,220,0.0002,0,0.0,0,0.0
2026-05-09 17:52:53,660253,0.5435,3.1977,0,0.0,41.5,36.5,15,10,3,864.4309,1032.0,8192.0,1.0,220,0.0002,0,0.0,0,0.0
2026-05-09 17:52:58,660253,0.5435,3.1977,0,0.0,41.5,36.5,15,10,3,864.4309,1023.0,8192.0,9.0,220,0.0002,0,0.0,0,0.0
2026-05-09 17:53:03,660253,0.5435,3.1977,0,0.0,41.5,36.5,15,10,3,864.4309,1022.0,8192.0,10.0,220,0.0002,0,0.0,0,0.0
2026-05-09 17:53:08,660253,0.5435,3.1977,0,0.0,41.5,36.5,15,10,3,864.4309,1082.0,8192.0,6.0,220,0.0002,0,0.0,0,0.0
2026-05-09 17:53:13,660253,0.5435,3.1977,0,0.0,41.5,36.5,15,10,3,864.4309,1039.0,8192.0,3.0,220,0.0002,0,0.0,0,0.0
2026-05-09 17:53:19,660253,0.5435,3.1977,0,0.0,41.5,36.5,15,10,3,864.4309,1032.0,8192.0,1.0,220,0.0002,0,0.0,0,0.0
2026-05-09 17:53:26,660253,0.5435,3.1977,0,0.0,41.5,36.5,15,10,3,864.4309,1033.0,8192.0,3.0,220,0.0002,0,0.0,0,0.0
2026-05-09 17:53:31,660253,0.4945,3.1474,0,0.0,40.9,36.5,15,11,4,864.43,1049.0,8192.0,1.0,220,0.0002,0,0.0,0,0.0
2026-05-09 17:53:36,660253,0.5464,3.2006,0,0.0,41.5,36.5,15,10,3,864.4296,1065.0,8192.0,1.0,220,0.0002,0,0.0,0,0.0
2026-05-09 17:53:41,660253,0.5464,3.2006,0,0.0,41.5,36.5,15,10,3,864.4296,1061.0,8192.0,1.0,220,0.0002,0,0.0,0,0.0
2026-05-09 17:53:46,660253,0.5464,3.2006,0,0.0,41.5,36.5,15,10,3,864.4296,1063.0,8192.0,1.0,220,0.0002,0,0.0,0,0.0
2026-05-09 17:53:51,660253,0.4765,3.1289,0,0.0,40.6,36.5,15,10,3,864.4291,1062.0,8192.0,1.0,220,0.0002,0,0.0,0,0.0
2026-05-09 17:53:57,660253,0.5464,3.2006,0,0.0,41.6,36.5,15,10,3,864.4284,1079.0,8192.0,1.0,220,0.0002,0,0.0,0,0.0
2026-05-09 17:54:04,660253,0.5464,3.2006,0,0.0,41.6,36.5,15,10,3,864.4284,1076.0,8192.0,1.0,220,0.0002,0,0.0,0,0.0
2026-05-09 17:54:09,660253,0.5464,3.2006,0,0.0,41.5,36.5,15,10,3,864.4284,1067.0,8192.0,5.0,220,0.0002,0,0.0,0,0.0
2026-05-09 17:54:14,660253,0.4718,3.126,0,0.0,40.6,36.5,15,10,3,864.4282,1069.0,8192.0,1.0,220,0.0002,0,0.0,0,0.0
2026-05-09 17:54:19,660253,0.5207,3.1732,0,0.0,41.3,36.5,15,10,3,864.4271,1066.0,8192.0,1.0,220,0.0002,0,0.0,0,0.0
2026-05-09 17:54:24,660253,0.4835,3.1358,0,0.0,40.7,36.5,15,10,3,864.4266,1076.0,8192.0,1.0,220,0.0002,0,0.0,0,0.0
2026-05-09 17:54:29,660253,0.5489,3.2026,0,0.0,41.6,36.5,15,10,3,864.4259,1076.0,8192.0,1.0,220,0.0002,0,0.0,0,0.0
2026-05-09 17:54:35,660253,0.5489,3.2026,0,0.0,41.6,36.5,15,10,3,864.4259,1077.0,8192.0,1.0,220,0.0002,0,0.0,0,0.0
2026-05-09 17:54:40,660253,0.5491,3.2399,0,0.0,41.7,36.5,15,10,3,864.4259,1061.0,8192.0,1.0,220,0.0002,0,0.0,0,0.0
2026-05-09 17:54:45,660253,0.4712,3.124,0,0.0,40.6,36.5,15,10,4,864.4254,1082.0,8192.0,2.0,220,0.0002,0,0.0,0,0.0
2026-05-09 17:54:52,660253,0.5503,3.2045,0,0.0,41.6,36.5,15,10,3,864.4246,1092.0,8192.0,1.0,220,0.0002,0,0.0,0,0.0
2026-05-09 17:54:58,660253,0.5503,3.2045,0,0.0,41.6,36.5,15,10,3,864.4246,1091.0,8192.0,1.0,220,0.0002,0,0.0,0,0.0
2026-05-09 17:55:03,660253,0.5503,3.2045,0,0.0,41.6,36.5,15,10,3,864.4246,1090.0,8192.0,1.0,220,0.0002,0,0.0,0,0.0
2026-05-09 17:55:08,660253,0.4943,3.1477,0,0.0,40.8,36.5,15,10,4,864.4241,1083.0,8192.0,1.0,220,0.0002,0,0.0,0,0.0
2026-05-09 17:55:13,660253,0.5736,3.2269,0,0.0,42.0,36.5,15,10,3,864.4234,1083.0,8192.0,1.0,220,0.0002,0,0.0,0,0.0
2026-05-09 17:55:18,660253,0.5736,3.2269,0,0.0,41.9,36.5,15,10,3,864.4234,1082.0,8192.0,1.0,220,0.0002,0,0.0,0,0.0
2026-05-09 17:55:23,660253,0.5736,3.2269,0,0.0,41.9,36.5,15,10,3,864.4234,1088.0,8192.0,2.0,220,0.0002,0,0.0,0,0.0
2026-05-09 17:55:28,660253,0.5736,3.2269,0,0.0,41.9,36.5,15,10,3,864.4234,1093.0,8192.0,1.0,220,0.0002,0,0.0,0,0.0
2026-05-09 17:55:33,660253,0.5736,3.2269,0,0.0,41.9,36.5,15,10,3,864.4234,1093.0,8192.0,1.0,220,0.0002,0,0.0,0,0.0
2026-05-09 17:55:39,660253,0.499,3.1522,0,0.0,40.9,36.5,15,10,3,864.4232,1065.0,8192.0,1.0,220,0.0002,0,0.0,0,0.0
2026-05-09 17:55:44,660253,0.4865,3.1391,0,0.0,40.7,36.5,15,10,3,864.4221,1082.0,8192.0,5.0,220,0.0002,0,0.0,0,0.0
2026-05-09 17:55:49,660253,0.5612,3.2137,0,0.0,41.7,36.5,15,10,3,864.4221,1071.0,8192.0,1.0,220,0.0002,0,0.0,0,0.0
2026-05-09 17:55:54,660253,0.5612,3.2137,0,0.0,41.7,36.5,15,10,3,864.4221,1072.0,8192.0,1.0,220,0.0002,0,0.0,0,0.0
2026-05-09 17:55:59,660253,0.5612,3.2137,0,0.0,41.8,36.5,15,10,3,864.4221,1072.0,8192.0,1.0,220,0.0002,0,0.0,0,0.0
2026-05-09 17:56:04,660253,0.5612,3.2137,0,0.0,41.8,36.5,15,10,3,864.4221,1076.0,8192.0,1.0,220,0.0002,0,0.0,0,0.0
2026-05-09 17:56:09,660253,0.5612,3.2137,0,0.0,41.8,36.5,15,10,3,864.4221,1059.0,8192.0,1.0,220,0.0002,0,0.0,0,0.0
2026-05-09 17:56:14,660253,0.5612,3.2137,0,0.0,41.8,36.5,15,10,3,864.4221,1060.0,8192.0,1.0,220,0.0002,0,0.0,0,0.0
2026-05-09 17:56:21,660253,0.4866,3.1391,0,0.0,40.8,36.5,15,10,3,864.4218,1060.0,8192.0,1.0,220,0.0002,0,0.0,0,0.0
2026-05-09 17:56:27,660253,0.5397,3.1931,0,0.0,41.5,36.5,15,10,3,864.4208,1078.0,8192.0,1.0,220,0.0002,0,0.0,0,0.0
2026-05-09 17:56:32,660253,0.5771,3.2304,0,0.0,42.0,36.5,15,10,3,864.4208,1074.0,8192.0,1.0,220,0.0002,0,0.0,0,0.0
2026-05-09 17:56:37,660253,0.5771,3.2304,0,0.0,41.9,36.5,15,10,3,864.4208,1073.0,8192.0,2.0,220,0.0002,0,0.0,0,0.0
2026-05-09 17:56:42,660253,0.5024,3.1558,0,0.0,41.0,36.5,15,10,3,864.4206,1054.0,8192.0,3.0,220,0.0002,0,0.0,0,0.0
2026-05-09 17:56:47,660253,0.5406,3.1931,0,0.0,41.5,36.5,15,10,3,864.4196,1058.0,8192.0,1.0,220,0.0002,0,0.0,0,0.0
2026-05-09 17:56:53,660253,0.5779,3.2304,0,0.0,42.0,36.5,15,10,3,864.4196,1061.0,8192.0,1.0,220,0.0002,0,0.0,0,0.0
2026-05-09 17:56:58,660253,0.5779,3.2304,0,0.0,42.0,36.5,15,10,3,864.4196,1062.0,8192.0,1.0,220,0.0002,0,0.0,0,0.0
2026-05-09 17:57:03,660253,0.5779,3.2304,0,0.0,42.0,36.5,15,10,3,864.4196,1067.0,8192.0,1.0,220,0.0002,0,0.0,0,0.0
2026-05-09 17:57:08,660253,0.5779,3.2304,0,0.0,41.9,36.5,15,10,3,864.4196,1050.0,8192.0,1.0,220,0.0002,0,0.0,0,0.0
2026-05-09 17:57:14,660253,0.5779,3.2304,0,0.0,42.0,36.5,15,10,3,864.4196,1050.0,8192.0,2.0,220,0.0002,0,0.0,0,0.0
2026-05-09 17:57:19,660253,0.504,3.1568,0,0.0,41.0,36.5,15,10,4,864.419,1049.0,8192.0,2.0,220,0.0002,0,0.0,0,0.0
2026-05-09 17:57:24,660253,0.5789,3.2314,0,0.0,41.9,36.5,15,10,3,864.4183,1051.0,8192.0,1.0,220,0.0002,0,0.0,0,0.0
2026-05-09 17:57:31,660253,0.5789,3.2314,0,0.0,42.0,36.5,15,10,3,864.4183,1051.0,8192.0,1.0,220,0.0002,0,0.0,0,0.0
2026-05-09 17:57:36,660253,0.5789,3.2314,0,0.0,42.0,36.5,15,10,3,864.4183,1049.0,8192.0,1.0,220,0.0002,0,0.0,0,0.0
2026-05-09 17:57:42,660253,0.5067,3.1597,0,0.0,41.1,36.5,15,10,3,864.4176,1056.0,8192.0,1.0,220,0.0002,0,0.0,0,0.0
2026-05-09 17:57:47,660253,0.544,3.197,0,0.0,41.6,36.5,15,10,3,864.417,1064.0,8192.0,1.0,220,0.0002,0,0.0,0,0.0
2026-05-09 17:57:52,660253,0.5818,3.2343,0,0.0,41.0,36.5,15,10,3,864.417,1064.0,8192.0,1.0,220,0.0002,0,0.0,0,0.0
2026-05-09 17:57:57,660253,0.5201,3.1732,0,0.0,41.2,36.5,15,11,3,864.4157,1064.0,8192.0,1.0,220,0.0002,0,0.0,0,0.0
2026-05-09 17:58:02,660253,0.5676,3.2206,0,0.0,41.8,36.5,15,10,3,864.4157,1083.0,8192.0,1.0,220,0.0002,0,0.0,0,0.0
2026-05-09 17:58:07,660253,0.5681,3.2206,0,0.0,41.8,36.5,15,10,3,864.4157,1077.0,8192.0,1.0,220,0.0002,0,0.0,0,0.0
2026-05-09 17:58:12,660253,0.5681,3.2206,0,0.0,41.9,36.5,15,10,3,864.4157,1077.0,8192.0,1.0,220,0.0002,0,0.0,0,0.0
2026-05-09 17:58:20,660253,0.4935,3.146,0,0.0,40.9,36.5,15,10,3,864.4155,1084.0,8192.0,2.0,220,0.0002,0,0.0,0,0.0
2026-05-09 17:58:25,660253,0.4987,3.1512,0,0.0,40.9,36.5,15,10,3,864.4144,1087.0,8192.0,1.0,220,0.0002,0,0.0,0,0.0
2026-05-09 17:58:30,660253,0.5733,3.2258,0,0.0,41.9,36.5,15,10,3,864.4144,1093.0,8192.0,1.0,220,0.0002,0,0.0,0,0.0
2026-05-09 17:58:36,660253,0.5733,3.2258,0,0.0,41.9,36.5,15,10,3,864.4144,1097.0,8192.0,4.0,220,0.0002,0,0.0,0,0.0
2026-05-09 17:58:41,660253,0.5733,3.2258,0,0.0,41.9,36.5,15,10,3,864.4144,1057.0,8192.0,1.0,220,0.0002,0,0.0,0,0.0
2026-05-09 17:58:46,660253,0.5097,3.1626,0,0.0,41.0,36.5,15,10,3,864.4136,1056.0,8192.0,1.0,220,0.0002,0,0.0,0,0.0
2026-05-09 17:58:51,660253,0.5845,3.2373,0,0.0,42.0,36.5,15,10,3,864.4131,1063.0,8192.0,1.0,220,0.0002,0,0.0,0,0.0
2026-05-09 17:58:56,660253,0.5847,3.2373,0,0.0,42.1,36.5,15,10,3,864.4131,1073.0,8192.0,1.0,220,0.0002,0,0.0,0,0.0
2026-05-09 17:59:01,660253,0.5847,3.2373,0,0.0,42.1,36.5,15,10,3,864.4131,1069.0,8192.0,1.0,220,0.0002,0,0.0,0,0.0
2026-05-09 17:59:09,660253,0.5847,3.2373,0,0.0,42.1,36.5,15,10,3,864.4131,1055.0,8192.0,1.0,220,0.0002,0,0.0,0,0.0
2026-05-09 17:59:14,660253,0.5847,3.2373,0,0.0,42.1,36.5,15,10,3,864.4131,1061.0,8192.0,3.0,220,0.0002,0,0.0,0,0.0
2026-05-09 17:59:19,660253,0.5847,3.2373,0,0.0,42.1,36.5,15,10,3,864.4131,1057.0,8192.0,1.0,220,0.0002,0,0.0,0,0.0
2026-05-09 17:59:24,660253,0.5185,3.1717,0,0.0,41.2,36.5,15,11,4,864.4124,1057.0,8192.0,1.0,220,0.0002,0,0.0,0,0.0
2026-05-09 17:59:29,660253,0.5762,3.2287,0,0.0,42.0,36.5,15,10,3,864.4118,1066.0,8192.0,1.0,220,0.0002,0,0.0,0,0.0
2026-05-09 17:59:35,660253,0.5762,3.2287,0,0.0,41.9,36.5,15,10,3,864.4118,1075.0,8192.0,1.0,220,0.0002,0,0.0,0,0.0
2026-05-09 17:59:42,660253,0.5016,3.1541,0,0.0,40.9,36.5,15,10,3,864.4118,1058.0,8192.0,1.0,220,0.0002,0,0.0,0,0.0
2026-05-09 17:59:47,660253,0.5262,3.1788,0,0.0,41.3,36.5,15,11,4,864.4108,1058.0,8192.0,1.0,220,0.0002,0,0.0,0,0.0
2026-05-09 17:59:52,660253,0.5772,3.2297,0,0.0,41.7,36.5,15,10,3,864.4105,1076.0,8192.0,2.0,220,0.0002,0,0.0,0,0.0
2026-05-09 17:59:57,660253,0.5172,3.1698,0,0.0,41.2,36.5,15,11,4,864.4099,1072.0,8192.0,1.0,220,0.0002,0,0.0,0,0.0
2026-05-09 18:00:02,660253,0.5918,3.2444,0,0.0,42.1,36.5,15,10,3,864.4092,1085.0,8192.0,1.0,220,0.0002,0,0.0,0,0.0
2026-05-09 18:00:08,660253,0.5927,3.2454,0,0.0,42.2,36.5,15,10,3,864.4092,1072.0,8192.0,1.0,220,0.0002,0,0.0,0,0.0
2026-05-09 18:00:14,660253,0.5927,3.2454,0,0.0,42.1,36.5,15,10,3,864.4092,1077.0,8192.0,1.0,220,0.0002,0,0.0,0,0.0
2026-05-09 18:00:20,660253,0.5927,3.2454,0,0.0,42.1,36.5,15,10,3,864.4092,1075.0,8192.0,1.0,220,0.0002,0,0.0,0,0.0
2026-05-09 18:00:25,660253,0.5181,3.1708,0,0.0,41.2,36.5,15,10,4,864.4087,1068.0,8192.0,1.0,220,0.0002,0,0.0,0,0.0
2026-05-09 18:00:30,660253,0.5947,3.2474,0,0.0,42.2,36.5,15,10,3,864.4079,1078.0,8192.0,4.0,220,0.0002,0,0.0,0,0.0
2026-05-09 18:00:35,660253,0.5947,3.2474,0,0.0,42.3,36.5,15,10,3,864.4079,1073.0,8192.0,1.0,220,0.0002,0,0.0,0,0.0
2026-05-09 18:00:40,660253,0.5947,3.2474,0,0.0,42.2,36.5,15,10,3,864.4079,1049.0,8192.0,1.0,220,0.0002,0,0.0,0,0.0
2026-05-09 18:00:45,660253,0.5209,3.1745,0,0.0,41.3,36.5,15,10,3,864.4073,1058.0,8192.0,3.0,220,0.0002,0,0.0,0,0.0
2026-05-09 18:00:53,660253,0.5446,3.1973,0,0.0,41.6,36.5,15,10,3,864.4066,1071.0,8192.0,1.0,220,0.0002,0,0.0,0,0.0
2026-05-09 18:00:58,660253,0.582,3.2346,0,0.0,42.0,36.5,15,10,3,864.4066,1064.0,8192.0,1.0,220,0.0002,0,0.0,0,0.0
2026-05-09 18:01:03,660253,0.582,3.2346,0,0.0,42.0,36.5,15,10,3,864.4066,1065.0,8192.0,1.0,220,0.0002,0,0.0,0,0.0
2026-05-09 18:01:08,660253,0.582,3.2346,0,0.0,42.0,36.5,15,10,3,864.4066,1056.0,8192.0,1.0,220,0.0002,0,0.0,0,0.0
2026-05-09 18:01:13,660253,0.582,3.2346,0,0.0,42.1,36.5,15,10,3,864.4066,1051.0,8192.0,1.0,220,0.0002,0,0.0,0,0.0
2026-05-09 18:01:18,660253,0.5073,3.16,0,0.0,41.0,36.5,15,10,3,864.4064,1054.0,8192.0,1.0,220,0.0002,0,0.0,0,0.0
2026-05-09 18:01:26,660253,0.508,3.1609,0,0.0,41.1,36.5,15,10,3,864.4053,1039.0,8192.0,2.0,220,0.0002,0,0.0,0,0.0
2026-05-09 18:01:31,660253,0.5829,3.2356,0,0.0,42.0,36.5,15,10,3,864.4053,1052.0,8192.0,1.0,220,0.0002,0,0.0,0,0.0
2026-05-09 18:01:37,660253,0.5829,3.2356,0,0.0,42.0,36.5,15,10,3,864.4053,1050.0,8192.0,1.0,220,0.0002,0,0.0,0,0.0
2026-05-09 18:01:42,660253,0.5125,3.1652,0,0.0,41.1,36.5,15,10,3,864.405,1044.0,8192.0,3.0,220,0.0002,0,0.0,0,0.0
2026-05-09 18:01:47,660253,0.547,3.2002,0,0.0,41.6,36.5,15,10,3,864.4039,1048.0,8192.0,1.0,220,0.0002,0,0.0,0,0.0
2026-05-09 18:01:52,660253,0.5843,3.2375,0,0.0,42.1,36.5,15,10,3,864.4039,1048.0,8192.0,1.0,220,0.0002,0,0.0,0,0.0
2026-05-09 18:02:00,660253,0.5843,3.2375,0,0.0,42.0,36.5,15,10,3,864.4039,1052.0,8192.0,1.0,220,0.0002,0,0.0,0,0.0
2026-05-09 18:02:05,660253,0.5843,3.2375,0,0.0,42.1,36.5,15,10,3,864.4039,1055.0,8192.0,1.0,220,0.0002,0,0.0,0,0.0
2026-05-09 18:02:10,660253,0.5182,3.1716,0,0.0,41.2,36.5,15,11,3,864.4036,1038.0,8192.0,1.0,220,0.0002,0,0.0,0,0.0
2026-05-09 18:02:15,660253,0.5516,3.209,0,0.0,41.6,36.5,15,10,3,864.4026,1039.0,8192.0,1.0,220,0.0002,0,0.0,0,0.0
2026-05-09 18:02:20,660253,0.6054,3.2836,0,0.0,42.4,36.5,15,10,3,864.4026,1056.0,8192.0,1.0,220,0.0002,0,0.0,0,0.0
2026-05-09 18:02:26,660253,0.5896,3.2463,0,0.0,42.1,36.5,15,10,3,864.4026,1050.0,8192.0,1.0,220,0.0002,0,0.0,0,0.0
2026-05-09 18:02:34,660253,0.515,3.1717,0,0.0,41.2,36.5,15,10,3,864.4025,1053.0,8192.0,1.0,220,0.0002,0,0.0,0,0.0
2026-05-09 18:02:39,660253,0.5276,3.1811,0,0.0,41.3,36.5,15,10,3,864.4013,1050.0,8192.0,1.0,220,0.0002,0,0.0,0,0.0
2026-05-09 18:02:44,660253,0.6029,3.2557,0,0.0,42.4,36.5,15,10,3,864.4013,1053.0,8192.0,1.0,220,0.0002,0,0.0,0,0.0
2026-05-09 18:02:49,660253,0.6029,3.2557,0,0.0,42.3,36.5,15,10,3,864.4013,1057.0,8192.0,2.0,220,0.0002,0,0.0,0,0.0
2026-05-09 18:02:55,660253,0.5282,3.1811,0,0.0,41.3,36.5,15,10,3,864.4007,1053.0,8192.0,1.0,220,0.0002,0,0.0,0,0.0
2026-05-09 18:03:00,660253,0.5661,3.2194,0,0.0,41.8,36.5,15,10,3,864.3999,1063.0,8192.0,1.0,220,0.0002,0,0.0,0,0.0
2026-05-09 18:03:07,660253,0.6038,3.2567,0,0.0,42.4,36.5,15,10,3,864.3999,1062.0,8192.0,1.0,220,0.0002,0,0.0,0,0.0
2026-05-09 18:03:12,660253,0.6038,3.2567,0,0.0,42.3,36.5,15,10,3,864.3999,1052.0,8192.0,1.0,220,0.0002,0,0.0,0,0.0
2026-05-09 18:03:18,660253,0.5292,3.182,0,0.0,41.3,36.5,15,10,3,864.3998,1051.0,8192.0,2.0,220,0.0002,0,0.0,0,0.0
2026-05-09 18:03:23,660253,0.5297,3.183,0,0.0,41.3,36.5,15,11,3,864.3986,1051.0,8192.0,1.0,220,0.0002,0,0.0,0,0.0
2026-05-09 18:03:28,660253,0.6043,3.2576,0,0.0,42.3,36.5,15,10,3,864.3986,1065.0,8192.0,1.0,220,0.0002,0,0.0,0,0.0
2026-05-09 18:03:33,660253,0.6048,3.2576,0,0.0,42.3,36.5,15,10,3,864.3986,1065.0,8192.0,1.0,220,0.0002,0,0.0,0,0.0
2026-05-09 18:03:38,660253,0.6048,3.2576,0,0.0,42.2,36.5,15,10,3,864.3986,1043.0,8192.0,1.0,220,0.0002,0,0.0,0,0.0
2026-05-09 18:03:43,660253,0.6048,3.2576,0,0.0,42.4,36.5,15,10,3,864.3986,1043.0,8192.0,1.0,220,0.0002,0,0.0,0,0.0
2026-05-09 18:03:48,660253,0.6048,3.2576,0,0.0,42.5,36.5,15,10,3,864.3986,1048.0,8192.0,1.0,220,0.0002,0,0.0,0,0.0
2026-05-09 18:03:53,660253,0.6048,3.2576,0,0.0,42.3,36.5,15,10,3,864.3986,1044.0,8192.0,1.0,220,0.0002,0,0.0,0,0.0
2026-05-09 18:04:01,660253,0.6048,3.2576,0,0.0,42.3,36.5,15,10,3,864.3986,1044.0,8192.0,1.0,220,0.0002,0,0.0,0,0.0
2026-05-09 18:04:06,660253,0.5302,3.183,0,0.0,41.3,36.5,15,10,3,864.3986,1044.0,8192.0,1.0,220,0.0002,0,0.0,0,0.0
2026-05-09 18:04:11,660253,0.5241,3.1772,0,0.0,41.3,36.5,15,11,4,864.3977,1038.0,8192.0,2.0,220,0.0002,0,0.0,0,0.0
2026-05-09 18:04:16,660253,0.5694,3.2596,0,0.0,41.9,36.5,15,10,3,864.3972,1040.0,8192.0,1.0,220,0.0002,0,0.0,0,0.0
2026-05-09 18:04:21,660253,0.6067,3.2596,0,0.0,42.4,36.5,15,10,3,864.3972,1032.0,8192.0,1.0,220,0.0002,0,0.0,0,0.0
2026-05-09 18:04:26,660253,0.6067,3.2596,0,0.0,42.3,36.5,15,10,3,864.3972,1037.0,8192.0,1.0,220,0.0002,0,0.0,0,0.0
2026-05-09 18:04:32,660253,0.5321,3.185,0,0.0,41.4,36.5,15,10,3,864.3971,1033.0,8192.0,1.0,220,0.0002,0,0.0,0,0.0
2026-05-09 18:04:37,660253,0.5489,3.2018,0,0.0,41.5,36.5,15,11,4,864.3962,1032.0,8192.0,1.0,220,0.0002,0,0.0,0,0.0
2026-05-09 18:04:42,660253,0.5973,3.2541,0,0.0,42.2,36.5,15,10,3,864.3959,1050.0,8192.0,1.0,220,0.0002,0,0.0,0,0.0
2026-05-09 18:04:47,660253,0.5973,3.2541,0,0.0,42.2,36.5,15,10,3,864.3959,1046.0,8192.0,1.0,220,0.0002,0,0.0,0,0.0
2026-05-09 18:04:53,660253,0.5973,3.2541,0,0.0,42.2,36.5,15,10,3,864.3959,1046.0,8192.0,1.0,220,0.0002,0,0.0,0,0.0
2026-05-09 18:04:58,660253,0.5973,3.1795,0,0.0,41.2,36.5,15,10,3,864.3959,1052.0,8192.0,2.0,220,0.0002,0,0.0,0,0.0
2026-05-09 18:05:03,660253,0.5268,3.1801,0,0.0,41.3,36.5,15,11,4,864.3954,1047.0,8192.0,1.0,220,0.0002,0,0.0,0,0.0
2026-05-09 18:05:08,660253,0.6092,3.2625,0,0.0,42.4,36.5,15,10,3,864.3945,1047.0,8192.0,1.0,220,0.0002,0,0.0,0,0.0
2026-05-09 18:05:13,660253,0.6096,3.2625,0,0.0,42.4,36.5,15,10,3,864.3945,1046.0,8192.0,1.0,220,0.0002,0,0.0,0,0.0
2026-05-09 18:05:19,660253,0.6096,3.2625,0,0.0,42.4,36.5,15,10,3,864.3945,1054.0,8192.0,2.0,220,0.0002,0,0.0,0,0.0
2026-05-09 18:05:24,660253,0.6096,3.2625,0,0.0,42.4,36.5,15,10,3,864.3945,1049.0,8192.0,2.0,220,0.0002,0,0.0,0,0.0
2026-05-09 18:05:29,660253,0.535,3.1879,0,0.0,41.5,36.5,15,11,3,864.394,1049.0,8192.0,1.0,220,0.0002,0,0.0,0,0.0
2026-05-09 18:05:34,660253,0.565,3.2246,0,0.0,41.9,36.5,15,10,3,864.3932,1054.0,8192.0,1.0,220,0.0002,0,0.0,0,0.0
2026-05-09 18:05:39,660253,0.6032,3.2619,0,0.0,42.3,36.5,15,10,3,864.3932,1041.0,8192.0,1.0,220,0.0002,0,0.0,0,0.0
2026-05-09 18:05:45,660253,0.6032,3.2619,0,0.0,42.3,36.5,15,10,3,864.3932,1041.0,8192.0,1.0,220,0.0002,0,0.0,0,0.0
2026-05-09 18:05:50,660253,0.6032,3.2619,0,0.0,42.3,36.5,15,10,3,864.3932,1048.0,8192.0,2.0,220,0.0002,0,0.0,0,0.0
2026-05-09 18:05:55,660253,0.5304,3.1873,0,0.0,41.3,36.5,15,11,4,864.3929,1065.0,8192.0,1.0,220,0.0002,0,0.0,0,0.0
2026-05-09 18:06:02,660253,0.5307,3.1883,0,0.0,41.4,36.5,15,10,3,864.3918,1059.0,8192.0,2.0,220,0.0002,0,0.0,0,0.0
2026-05-09 18:06:07,660253,0.606,3.2629,0,0.0,42.3,36.5,15,10,3,864.3918,1062.0,8192.0,1.0,220,0.0002,0,0.0,0,0.0
2026-05-09 18:06:12,660253,0.606,3.2629,0,0.0,42.4,36.5,15,10,3,864.3918,1068.0,8192.0,1.0,220,0.0002,0,0.0,0,0.0
2026-05-09 18:06:18,660253,0.606,3.2629,0,0.0,42.4,36.5,15,10,3,864.3918,1067.0,8192.0,1.0,220,0.0002,0,0.0,0,0.0
2026-05-09 18:06:23,660253,0.606,3.2629,0,0.0,42.4,36.5,15,10,3,864.3918,1058.0,8192.0,1.0,220,0.0002,0,0.0,0,0.0
2026-05-09 18:06:28,660253,0.606,3.2629,0,0.0,42.4,36.5,15,10,3,864.3918,1057.0,8192.0,1.0,220,0.0002,0,0.0,0,0.0
2026-05-09 18:06:33,660253,0.5314,3.1883,0,0.0,41.4,36.5,15,10,3,864.3917,1067.0,8192.0,1.0,220,0.0002,0,0.0,0,0.0
2026-05-09 18:06:38,660253,0.5516,3.205,0,0.0,41.7,36.5,15,11,4,864.3906,1045.0,8192.0,1.0,220,0.0002,0,0.0,0,0.0
2026-05-09 18:06:43,660253,0.5766,3.2639,0,0.0,42.1,36.5,15,10,3,864.3904,1053.0,8192.0,1.0,220,0.0002,0,0.0,0,0.0
2026-05-09 18:06:49,660253,0.607,3.2639,0,0.0,42.4,36.5,15,10,3,864.3904,1063.0,8192.0,2.0,220,0.0002,0,0.0,0,0.0
2026-05-09 18:06:54,660253,0.5324,3.1893,0,0.0,41.4,36.5,15,10,3,864.3902,1054.0,8192.0,1.0,220,0.0002,0,0.0,0,0.0
2026-05-09 18:06:59,660253,0.5598,3.2137,0,0.0,41.7,36.5,15,10,3,864.389,1058.0,8192.0,7.0,220,0.0002,0,0.0,0,0.0
2026-05-09 18:07:04,660253,0.609,3.2668,0,0.0,42.4,36.5,15,10,3,864.389,1077.0,8192.0,3.0,220,0.0002,0,0.0,0,0.0
2026-05-09 18:07:10,660253,0.609,3.2668,0,0.0,42.4,36.5,15,10,3,864.389,1074.0,8192.0,3.0,220,0.0002,0,0.0,0,0.0
2026-05-09 18:07:15,660253,0.609,3.2668,0,0.0,42.4,36.5,15,10,3,864.389,1080.0,8192.0,1.0,220,0.0002,0,0.0,0,0.0
2026-05-09 18:07:20,660253,0.609,3.2668,0,0.0,42.4,36.5,15,10,3,864.389,1069.0,8192.0,1.0,220,0.0002,0,0.0,0,0.0
2026-05-09 18:07:25,660253,0.609,3.2668,0,0.0,42.4,36.5,15,10,3,864.389,1076.0,8192.0,1.0,220,0.0002,0,0.0,0,0.0
2026-05-09 18:07:30,660253,0.5344,3.1922,0,0.0,41.4,36.5,15,10,3,864.3887,1072.0,8192.0,1.0,220,0.0002,0,0.0,0,0.0
2026-05-09 18:07:35,660253,0.5355,3.1932,0,0.0,41.5,36.5,15,10,3,864.3876,1085.0,8192.0,2.0,220,0.0002,0,0.0,0,0.0
2026-05-09 18:07:40,660253,0.6101,3.2678,0,0.0,42.5,36.5,15,10,3,864.3876,1058.0,8192.0,3.0,220,0.0002,0,0.0,0,0.0
2026-05-09 18:07:46,660253,0.6101,3.2678,0,0.0,42.5,36.5,15,10,3,864.3876,1053.0,8192.0,1.0,220,0.0002,0,0.0,0,0.0
2026-05-09 18:07:52,660253,0.6101,3.2678,0,0.0,42.4,36.5,15,10,3,864.3876,1056.0,8192.0,8.0,220,0.0002,0,0.0,0,0.0
2026-05-09 18:07:57,660253,0.5355,3.1932,0,0.0,41.5,36.5,15,10,3,864.3874,1065.0,8192.0,2.0,220,0.0002,0,0.0,0,0.0
2026-05-09 18:08:02,660253,0.4957,3.149,0,0.0,40.9,36.5,15,10,3,864.3862,1075.0,8192.0,2.0,220,0.0002,0,0.0,0,0.0
2026-05-09 18:08:07,660253,0.6119,3.2688,0,0.0,42.5,36.5,15,10,3,864.3862,1037.0,8192.0,3.0,220,0.0002,0,0.0,0,0.0
2026-05-09 18:08:14,660253,0.6119,3.2688,0,0.0,42.7,36.5,15,10,3,864.3862,1044.0,8192.0,4.0,220,0.0002,0,0.0,0,0.0
2026-05-09 18:08:20,660253,0.6414,3.3061,0,0.0,42.8,36.5,15,10,3,864.3862,1046.0,8192.0,2.0,220,0.0002,0,0.0,0,0.0
2026-05-09 18:08:25,660253,0.6119,3.2688,0,0.0,42.4,36.5,15,10,3,864.3862,1081.0,8192.0,1.0,220,0.0002,0,0.0,0,0.0
2026-05-09 18:08:30,660253,0.5373,3.1941,0,0.0,41.4,36.5,15,10,3,864.3861,1065.0,8192.0,5.0,220,0.0002,0,0.0,0,0.0
2026-05-09 18:08:35,660253,0.4987,3.1519,0,0.0,41.0,36.5,15,10,3,864.3849,1033.0,8192.0,3.0,220,0.0002,0,0.0,0,0.0
2026-05-09 18:08:41,660253,0.6188,3.2775,0,0.0,42.5,36.5,15,10,3,864.3849,1028.0,8192.0,1.0,220,0.0002,0,0.0,0,0.0
2026-05-09 18:08:48,660253,0.6188,3.2775,0,0.0,42.5,36.5,15,10,3,864.3849,1059.0,8192.0,4.0,220,0.0002,0,0.0,0,0.0
2026-05-09 18:08:53,660253,0.6188,3.2775,0,0.0,41.5,36.5,15,10,3,864.3849,1049.0,8192.0,1.0,220,0.0002,0,0.0,0,0.0
2026-05-09 18:08:59,660253,0.5709,3.2239,0,0.0,41.9,36.5,15,11,4,864.3842,1045.0,8192.0,1.0,220,0.0002,0,0.0,0,0.0
2026-05-09 18:09:04,660253,0.6148,3.2717,0,0.0,42.6,36.5,15,10,3,864.3835,1046.0,8192.0,4.0,220,0.0002,0,0.0,0,0.0
2026-05-09 18:09:09,660253,0.6148,3.2717,0,0.0,42.5,36.5,15,10,3,864.3835,1040.0,8192.0,2.0,220,0.0002,0,0.0,0,0.0
2026-05-09 18:09:15,660253,0.6148,3.2717,0,0.0,41.5,36.5,15,10,3,864.3835,1039.0,8192.0,1.0,220,0.0002,0,0.0,0,0.0
2026-05-09 18:09:22,660253,0.5697,3.2227,0,0.0,41.9,36.5,15,11,4,864.3828,1051.0,8192.0,5.0,220,0.0002,0,0.0,0,0.0
2026-05-09 18:09:27,660253,0.6198,3.2785,0,0.0,42.6,36.5,15,10,3,864.3821,1055.0,8192.0,1.0,220,0.0002,0,0.0,0,0.0
2026-05-09 18:09:32,660253,0.6208,3.2795,0,0.0,42.5,36.5,15,10,3,864.3821,1049.0,8192.0,1.0,220,0.0002,0,0.0,0,0.0
2026-05-09 18:09:37,660253,0.6208,3.2795,0,0.0,42.6,36.5,15,10,3,864.3821,1048.0,8192.0,1.0,220,0.0002,0,0.0,0,0.0
2026-05-09 18:09:43,660253,0.6208,3.2795,0,0.0,42.5,36.5,15,10,3,864.3821,1044.0,8192.0,1.0,220,0.0002,0,0.0,0,0.0
2026-05-09 18:09:48,660253,0.571,3.2247,0,0.0,41.9,36.5,15,11,4,864.3819,1041.0,8192.0,1.0,220,0.0002,0,0.0,0,0.0
2026-05-09 18:09:53,660253,0.617,3.2746,0,0.0,42.6,36.5,15,10,3,864.3807,1048.0,8192.0,1.0,220,0.0002,0,0.0,0,0.0
2026-05-09 18:10:00,660253,0.6177,3.2746,0,0.0,42.5,36.5,15,10,3,864.3807,1056.0,8192.0,1.0,220,0.0002,0,0.0,0,0.0
2026-05-09 18:10:05,660253,0.6177,3.2746,0,0.0,42.5,36.5,15,10,3,864.3807,1052.0,8192.0,1.0,220,0.0002,0,0.0,0,0.0
2026-05-09 18:10:10,660253,0.5431,3.2,0,0.0,41.6,36.5,15,10,3,864.3802,1044.0,8192.0,1.0,220,0.0002,0,0.0,0,0.0
2026-05-09 18:10:15,660253,0.585,3.2441,0,0.0,42.2,36.5,15,10,3,864.3793,1052.0,8192.0,5.0,220,0.0002,0,0.0,0,0.0
2026-05-09 18:10:20,660253,0.6227,3.2815,0,0.0,42.6,36.5,15,10,3,864.3793,1058.0,8192.0,1.0,220,0.0002,0,0.0,0,0.0
2026-05-09 18:10:26,660253,0.5547,3.2077,0,0.0,41.7,36.5,15,10,3,864.3789,1051.0,8192.0,1.0,220,0.0002,0,0.0,0,0.0
2026-05-09 18:10:33,660253,0.5502,3.2078,0,0.0,41.7,36.5,15,10,3,864.3779,1054.0,8192.0,1.0,220,0.0002,0,0.0,0,0.0
2026-05-09 18:10:38,660253,0.6255,3.2824,0,0.0,42.7,36.5,15,10,3,864.3779,1057.0,8192.0,1.0,220,0.0002,0,0.0,0,0.0
2026-05-09 18:10:43,660253,0.6255,3.2824,0,0.0,42.6,36.5,15,10,3,864.3779,1053.0,8192.0,1.0,220,0.0002,0,0.0,0,0.0
2026-05-09 18:10:48,660253,0.6255,3.2824,0,0.0,42.6,36.5,15,10,3,864.3779,1054.0,8192.0,1.0,220,0.0002,0,0.0,0,0.0
2026-05-09 18:10:54,660253,0.5634,3.2171,0,0.0,41.8,36.5,15,10,3,864.377,1059.0,8192.0,1.0,220,0.0002,0,0.0,0,0.0
2026-05-09 18:10:59,660253,0.626,3.2834,0,0.0,42.6,36.5,15,10,3,864.3765,1065.0,8192.0,1.0,220,0.0002,0,0.0,0,0.0
2026-05-09 18:11:06,660253,0.6275,3.2844,0,0.0,42.6,36.5,15,10,3,864.3765,1064.0,8192.0,2.0,220,0.0002,0,0.0,0,0.0
2026-05-09 18:11:12,660253,0.6275,3.2844,0,0.0,42.7,36.5,15,10,3,864.3765,1051.0,8192.0,2.0,220,0.0002,0,0.0,0,0.0
2026-05-09 18:11:17,660253,0.5528,3.2098,0,0.0,41.6,36.5,15,11,4,864.3763,1046.0,8192.0,1.0,220,0.0002,0,0.0,0,0.0
2026-05-09 18:11:22,660253,0.5675,3.2205,0,0.0,41.8,36.5,15,11,3,864.3751,1047.0,8192.0,1.0,220,0.0002,0,0.0,0,0.0
2026-05-09 18:11:27,660253,0.6278,3.2854,0,0.0,42.7,36.5,15,10,3,864.375,1061.0,8192.0,4.0,220,0.0002,0,0.0,0,0.0
2026-05-09 18:11:33,660253,0.5851,3.2386,0,0.0,42.1,36.5,15,11,4,864.3748,1056.0,8192.0,1.0,220,0.0002,0,0.0,0,0.0
2026-05-09 18:11:40,660253,0.6313,3.2882,0,0.0,42.7,36.5,15,10,3,864.3736,1057.0,8192.0,1.0,220,0.0002,0,0.0,0,0.0
2026-05-09 18:11:45,660253,0.6313,3.2882,0,0.0,42.7,36.5,15,10,3,864.3736,1055.0,8192.0,3.0,220,0.0002,0,0.0,0,0.0
2026-05-09 18:11:50,660253,0.6313,3.2882,0,0.0,42.7,36.5,15,10,3,864.3736,1049.0,8192.0,1.0,220,0.0002,0,0.0,0,0.0
2026-05-09 18:11:56,660253,0.5567,3.2136,0,0.0,41.7,36.5,15,10,3,864.3735,1044.0,8192.0,1.0,220,0.0002,0,0.0,0,0.0
2026-05-09 18:12:01,660253,0.5801,3.233,0,0.0,42.2,36.5,15,11,4,864.3725,1049.0,8192.0,4.0,220,0.0002,0,0.0,0,0.0
2026-05-09 18:12:06,660253,0.6313,3.2882,0,0.0,42.8,36.5,15,10,3,864.3722,1054.0,8192.0,1.0,220,0.0002,0,0.0,0,0.0
2026-05-09 18:12:11,660253,0.6313,3.2882,0,0.0,42.7,36.5,15,10,3,864.3722,1042.0,8192.0,1.0,220,0.0002,0,0.0,0,0.0
2026-05-09 18:12:18,660253,0.6313,3.2882,0,0.0,42.7,36.5,15,10,3,864.3722,1042.0,8192.0,1.0,220,0.0002,0,0.0,0,0.0
2026-05-09 18:12:23,660253,0.5615,3.2145,0,0.0,41.8,36.5,15,10,3,864.3717,1047.0,8192.0,1.0,220,0.0002,0,0.0,0,0.0
2026-05-09 18:12:28,660253,0.5945,3.252,0,0.0,42.3,36.5,15,10,3,864.3708,1048.0,8192.0,1.0,220,0.0002,0,0.0,0,0.0
2026-05-09 18:12:33,660253,0.6334,3.2902,0,0.0,42.7,36.5,15,10,3,864.3708,1053.0,8192.0,1.0,220,0.0002,0,0.0,0,0.0
2026-05-09 18:12:39,660253,0.6334,3.2902,0,0.0,42.8,36.5,15,10,3,864.3708,1043.0,8192.0,1.0,220,0.0002,0,0.0,0,0.0
2026-05-09 18:12:44,660253,0.6334,3.2902,0,0.0,42.7,36.5,15,10,3,864.3708,1038.0,8192.0,1.0,220,0.0002,0,0.0,0,0.0
2026-05-09 18:12:51,660253,0.5709,3.2238,0,0.0,42.0,36.5,15,10,3,864.3699,1038.0,8192.0,1.0,220,0.0002,0,0.0,0,0.0
2026-05-09 18:12:57,660253,0.6275,3.2844,0,0.0,42.7,36.5,15,10,3,864.3694,1055.0,8192.0,2.0,220,0.0002,0,0.0,0,0.0
2026-05-09 18:13:02,660253,0.6285,3.2854,0,0.0,42.7,36.5,15,10,3,864.3694,1050.0,8192.0,1.0,220,0.0002,0,0.0,0,0.0
2026-05-09 18:13:07,660253,0.6285,3.2854,0,0.0,42.7,36.5,15,10,3,864.3694,1047.0,8192.0,1.0,220,0.0002,0,0.0,0,0.0
2026-05-09 18:13:13,660253,0.6285,3.2098,0,0.0,41.7,36.5,15,10,3,864.3693,1046.0,8192.0,1.0,220,0.0002,0,0.0,0,0.0
2026-05-09 18:13:18,660253,0.5802,3.2332,0,0.0,42.0,36.5,15,11,4,864.369,1045.0,8192.0,1.0,220,0.0002,0,0.0,0,0.0
2026-05-09 18:13:25,660253,0.6319,3.2912,0,0.0,42.7,36.5,15,10,3,864.3679,1049.0,8192.0,2.0,220,0.0002,0,0.0,0,0.0
2026-05-09 18:13:30,660253,0.6335,3.2922,0,0.0,42.7,36.5,15,10,3,864.3679,1050.0,8192.0,1.0,220,0.0002,0,0.0,0,0.0
2026-05-09 18:13:35,660253,0.6335,3.2922,0,0.0,42.7,36.5,15,10,3,864.3679,1055.0,8192.0,1.0,220,0.0002,0,0.0,0,0.0
2026-05-09 18:13:41,660253,0.6335,3.2922,0,0.0,42.7,36.5,15,10,3,864.3679,1059.0,8192.0,8.0,220,0.0002,0,0.0,0,0.0
2026-05-09 18:13:46,660253,0.5768,3.2306,0,0.0,42.1,36.5,15,10,3,864.367,1053.0,8192.0,2.0,220,0.0002,0,0.0,0,0.0
2026-05-09 18:13:51,660253,0.6353,3.2922,0,0.0,42.8,36.5,15,10,3,864.3665,1061.0,8192.0,1.0,220,0.0002,0,0.0,0,0.0
2026-05-09 18:13:59,660253,0.6363,3.2932,0,0.0,42.7,36.5,15,10,3,864.3665,1091.0,8192.0,1.0,220,0.0002,0,0.0,0,0.0
2026-05-09 18:14:04,660253,0.6363,3.2932,0,0.0,42.8,36.5,15,10,3,864.3665,1078.0,8192.0,1.0,220,0.0002,0,0.0,0,0.0
2026-05-09 18:14:10,660253,0.6363,3.2932,0,0.0,42.8,36.5,15,10,3,864.3665,1073.0,8192.0,1.0,220,0.0002,0,0.0,0,0.0
2026-05-09 18:14:15,660253,0.5617,3.2185,0,0.0,41.7,36.5,15,10,3,864.3662,1071.0,8192.0,1.0,220,0.0002,0,0.0,0,0.0
2026-05-09 18:14:20,660253,0.5191,3.1724,0,0.0,41.2,36.5,15,10,3,864.365,1075.0,8192.0,2.0,220,0.0002,0,0.0,0,0.0
2026-05-09 18:14:25,660253,0.6393,3.2981,0,0.0,42.8,36.5,15,10,3,864.365,1085.0,8192.0,3.0,220,0.0002,0,0.0,0,0.0
2026-05-09 18:14:32,660253,0.6393,3.2981,0,0.0,42.8,36.5,15,10,3,864.365,1085.0,8192.0,1.0,220,0.0002,0,0.0,0,0.0
2026-05-09 18:14:38,660253,0.6393,3.2981,0,0.0,42.8,36.5,15,10,3,864.365,1084.0,8192.0,1.0,220,0.0002,0,0.0,0,0.0
2026-05-09 18:14:43,660253,0.6393,3.2981,0,0.0,42.9,36.5,15,10,3,864.365,1061.0,8192.0,1.0,220,0.0002,0,0.0,0,0.0
2026-05-09 18:14:48,660253,0.6393,3.2981,0,0.0,43.0,36.5,15,10,3,864.365,1061.0,8192.0,1.0,220,0.0002,0,0.0,0,0.0
2026-05-09 18:14:53,660253,0.5713,3.2243,0,0.0,41.9,36.5,15,11,4,864.3647,1062.0,8192.0,1.0,220,0.0002,0,0.0,0,0.0
2026-05-09 18:14:58,660253,0.5254,3.1783,0,0.0,41.3,36.5,15,10,3,864.3635,1070.0,8192.0,1.0,220,0.0002,0,0.0,0,0.0
2026-05-09 18:15:03,660253,0.6412,3.2981,0,0.0,42.8,36.5,15,10,3,864.3635,1078.0,8192.0,3.0,220,0.0002,0,0.0,0,0.0
2026-05-09 18:15:10,660253,0.6412,3.2981,0,0.0,42.8,36.5,15,10,3,864.3635,1062.0,8192.0,1.0,220,0.0002,0,0.0,0,0.0
2026-05-09 18:15:16,660253,0.6412,3.2981,0,0.0,42.8,36.5,15,10,3,864.3635,1062.0,8192.0,1.0,220,0.0002,0,0.0,0,0.0
2026-05-09 18:15:21,660253,0.5862,3.2392,0,0.0,42.1,36.5,15,11,4,864.3627,1066.0,8192.0,1.0,220,0.0002,0,0.0,0,0.0
2026-05-09 18:15:26,660253,0.6039,3.2607,0,0.0,42.3,36.5,15,10,3,864.3621,1087.0,8192.0,2.0,220,0.0002,0,0.0,0,0.0
2026-05-09 18:15:31,660253,0.5675,3.2244,0,0.0,41.9,36.5,15,10,3,864.3619,1077.0,8192.0,1.0,220,0.0002,0,0.0,0,0.0
2026-05-09 18:15:36,660253,0.5864,3.24,0,0.0,42.1,36.5,15,11,3,864.3606,1070.0,8192.0,1.0,220,0.0002,0,0.0,0,0.0
2026-05-09 18:15:43,660253,0.6617,3.3147,0,0.0,43.1,36.5,15,10,3,864.3606,1074.0,8192.0,3.0,220,0.0002,0,0.0,0,0.0
2026-05-09 18:15:48,660253,0.6617,3.3147,0,0.0,43.1,36.5,15,10,3,864.3606,1074.0,8192.0,4.0,220,0.0002,0,0.0,0,0.0
2026-05-09 18:15:53,660253,0.6617,3.3147,0,0.0,43.1,36.5,15,10,3,864.3606,1073.0,8192.0,1.0,220,0.0002,0,0.0,0,0.0
2026-05-09 18:15:59,660253,0.6617,3.3147,0,0.0,43.1,36.5,15,10,3,864.3606,1078.0,8192.0,1.0,220,0.0002,0,0.0,0,0.0
2026-05-09 18:16:04,660253,0.5912,3.2442,0,0.0,42.2,36.5,15,10,3,864.3597,1079.0,8192.0,1.0,220,0.0002,0,0.0,0,0.0
2026-05-09 18:16:09,660253,0.6542,3.3129,0,0.0,43.0,36.5,15,10,3,864.3592,1095.0,8192.0,1.0,220,0.0002,0,0.0,0,0.0
2026-05-09 18:16:17,660253,0.6542,3.3129,0,0.0,43.0,36.5,15,10,3,864.3592,1087.0,8192.0,2.0,220,0.0002,0,0.0,0,0.0
2026-05-09 18:16:22,660253,0.6542,3.3129,0,0.0,43.0,36.5,15,10,3,864.3592,1088.0,8192.0,1.0,220,0.0002,0,0.0,0,0.0
2026-05-09 18:16:27,660253,0.5796,3.2383,0,0.0,42.0,36.5,15,10,3,864.3591,1090.0,8192.0,1.0,220,0.0002,0,0.0,0,0.0
2026-05-09 18:16:32,660253,0.5922,3.2452,0,0.0,42.2,36.5,15,11,4,864.3585,1099.0,8192.0,6.0,220,0.0002,0,0.0,0,0.0
2026-05-09 18:16:37,660253,0.6672,3.3208,0,0.0,43.2,36.5,15,10,3,864.3577,1084.0,8192.0,2.0,220,0.0002,0,0.0,0,0.0
2026-05-09 18:16:42,660253,0.6678,3.3208,0,0.0,43.2,36.5,15,10,3,864.3577,1084.0,8192.0,1.0,220,0.0002,0,0.0,0,0.0
2026-05-09 18:16:50,660253,0.6678,3.3208,0,0.0,43.2,36.5,15,10,3,864.3577,1083.0,8192.0,1.0,220,0.0002,0,0.0,0,0.0
2026-05-09 18:16:55,660253,0.5932,3.2462,0,0.0,42.3,36.5,15,11,4,864.3576,1084.0,8192.0,4.0,220,0.0002,0,0.0,0,0.0
2026-05-09 18:17:00,660253,0.6011,3.255,0,0.0,42.3,36.5,15,11,4,864.3571,1097.0,8192.0,2.0,220,0.0002,0,0.0,0,0.0
2026-05-09 18:17:05,660253,0.6762,3.3296,0,0.0,43.3,36.5,15,10,3,864.3563,1096.0,8192.0,1.0,220,0.0002,0,0.0,0,0.0
2026-05-09 18:17:10,660253,0.6766,3.3296,0,0.0,43.3,36.5,15,10,3,864.3563,1068.0,8192.0,1.0,220,0.0002,0,0.0,0,0.0
2026-05-09 18:17:15,660253,0.6766,3.3296,0,0.0,43.3,36.5,15,10,3,864.3563,1069.0,8192.0,1.0,220,0.0002,0,0.0,0,0.0
2026-05-09 18:17:21,660253,0.6766,3.3296,0,0.0,43.3,36.5,15,10,3,864.3563,1070.0,8192.0,1.0,220,0.0002,0,0.0,0,0.0
2026-05-09 18:17:28,660253,0.6023,3.256,0,0.0,42.4,36.5,15,10,3,864.3554,1073.0,8192.0,1.0,220,0.0002,0,0.0,0,0.0
2026-05-09 18:17:33,660253,0.6525,3.31,0,0.0,43.0,36.5,15,10,3,864.3548,1080.0,8192.0,1.0,220,0.0002,0,0.0,0,0.0
2026-05-09 18:17:39,660253,0.6531,3.31,0,0.0,43.0,36.5,15,10,3,864.3548,1055.0,8192.0,2.0,220,0.0002,0,0.0,0,0.0
2026-05-09 18:17:44,660253,0.6531,3.31,0,0.0,43.0,36.5,15,10,3,864.3548,1054.0,8192.0,1.0,220,0.0002,0,0.0,0,0.0
2026-05-09 18:17:49,660253,0.6531,3.31,0,0.0,43.0,36.5,15,10,3,864.3548,1055.0,8192.0,1.0,220,0.0002,0,0.0,0,0.0
2026-05-09 18:17:54,660253,0.5918,3.2448,0,0.0,42.2,36.5,15,10,3,864.354,1062.0,8192.0,1.0,220,0.0002,0,0.0,0,0.0
2026-05-09 18:18:02,660253,0.6208,3.2795,0,0.0,42.5,36.5,15,10,3,864.3534,1068.0,8192.0,1.0,220,0.0002,0,0.0,0,0.0
2026-05-09 18:18:07,660253,0.6581,3.3168,0,0.0,43.2,36.5,15,10,3,864.3534,1069.0,8192.0,2.0,220,0.0002,0,0.0,0,0.0
2026-05-09 18:18:12,660253,0.6581,3.3168,0,0.0,43.0,36.5,15,10,3,864.3534,1056.0,8192.0,1.0,220,0.0002,0,0.0,0,0.0
2026-05-09 18:18:17,660253,0.6581,3.3168,0,0.0,43.1,36.5,15,10,3,864.3534,1056.0,8192.0,1.0,220,0.0002,0,0.0,0,0.0
2026-05-09 18:18:22,660253,0.5853,3.2422,0,0.0,42.1,36.5,15,11,4,864.3531,1056.0,8192.0,1.0,220,0.0002,0,0.0,0,0.0
2026-05-09 18:18:27,660253,0.5696,3.2226,0,0.0,41.9,36.5,15,10,3,864.3519,1071.0,8192.0,6.0,220,0.0002,0,0.0,0,0.0
2026-05-09 18:18:35,660253,0.6815,3.3345,0,0.0,43.4,36.5,15,10,3,864.3519,1071.0,8192.0,1.0,220,0.0002,0,0.0,0,0.0
2026-05-09 18:18:40,660253,0.6816,3.3355,0,0.0,43.4,36.5,15,10,3,864.3519,1057.0,8192.0,1.0,220,0.0002,0,0.0,0,0.0
2026-05-09 18:18:45,660253,0.6688,3.3355,0,0.0,43.2,36.5,15,10,3,864.3519,1057.0,8192.0,1.0,220,0.0002,0,0.0,0,0.0
2026-05-09 18:18:50,660253,0.6825,3.3355,0,0.0,43.4,36.5,15,10,3,864.3519,1058.0,8192.0,1.0,220,0.0002,0,0.0,0,0.0
2026-05-09 18:18:56,660253,0.6082,3.2618,0,0.0,42.4,36.5,15,10,3,864.3511,1062.0,8192.0,1.0,220,0.0002,0,0.0,0,0.0
2026-05-09 18:19:01,660253,0.6457,3.2991,0,0.0,43.0,36.5,15,10,3,864.3504,1071.0,8192.0,2.0,220,0.0002,0,0.0,0,0.0
2026-05-09 18:19:08,660253,0.6835,3.3365,0,0.0,43.6,36.5,15,10,3,864.3504,1059.0,8192.0,1.0,220,0.0002,0,0.0,0,0.0
2026-05-09 18:19:13,660253,0.6835,3.3365,0,0.0,43.5,36.5,15,10,3,864.3504,1059.0,8192.0,1.0,220,0.0002,0,0.0,0,0.0
2026-05-09 18:19:18,660253,0.6089,3.2618,0,0.0,42.5,36.5,15,10,3,864.3503,1059.0,8192.0,1.0,220,0.0002,0,0.0,0,0.0
2026-05-09 18:19:24,660253,0.61,3.2638,0,0.0,42.5,36.5,15,11,4,864.3499,1066.0,8192.0,1.0,220,0.0002,0,0.0,0,0.0
2026-05-09 18:19:29,660253,0.6582,3.3159,0,0.0,43.1,36.5,15,10,3,864.349,1065.0,8192.0,1.0,220,0.0002,0,0.0,0,0.0
2026-05-09 18:19:34,660253,0.5844,3.2412,0,0.0,42.1,36.5,15,10,3,864.3489,1065.0,8192.0,1.0,220,0.0002,0,0.0,0,0.0
2026-05-09 18:19:41,660253,0.5984,3.252,0,0.0,42.3,36.5,15,11,4,864.3486,1059.0,8192.0,2.0,220,0.0002,0,0.0,0,0.0
2026-05-09 18:19:47,660253,0.681,3.3347,0,0.0,43.4,36.5,15,10,3,864.3475,1062.0,8192.0,1.0,220,0.0002,0,0.0,0,0.0
2026-05-09 18:19:52,660253,0.6817,3.3347,0,0.0,43.4,36.5,15,10,3,864.3475,1062.0,8192.0,1.0,220,0.0002,0,0.0,0,0.0
2026-05-09 18:19:57,660253,0.6817,3.3347,0,0.0,43.5,36.5,15,10,3,864.3475,1063.0,8192.0,3.0,220,0.0002,0,0.0,0,0.0
2026-05-09 18:20:02,660253,0.6071,3.26,0,0.0,42.4,36.5,15,10,3,864.3474,1066.0,8192.0,1.0,220,0.0002,0,0.0,0,0.0
2026-05-09 18:20:07,660253,0.616,3.2699,0,0.0,42.5,36.5,15,11,4,864.3463,1066.0,8192.0,1.0,220,0.0002,0,0.0,0,0.0
2026-05-09 18:20:12,660253,0.6619,3.3188,0,0.0,43.2,36.5,15,10,3,864.346,1063.0,8192.0,1.0,220,0.0002,0,0.0,0,0.0
2026-05-09 18:20:20,660253,0.6619,3.3188,0,0.0,43.1,36.5,15,10,3,864.346,1064.0,8192.0,1.0,220,0.0002,0,0.0,0,0.0
2026-05-09 18:20:25,660253,0.6619,3.3188,0,0.0,43.1,36.5,15,10,3,864.346,1064.0,8192.0,1.0,220,0.0002,0,0.0,0,0.0
2026-05-09 18:20:30,660253,0.6619,3.3188,0,0.0,43.2,36.5,15,10,3,864.346,1064.0,8192.0,2.0,220,0.0002,0,0.0,0,0.0
2026-05-09 18:20:36,660253,0.6619,3.3188,0,0.0,42.1,36.5,15,10,3,864.346,1066.0,8192.0,1.0,220,0.0002,0,0.0,0,0.0
2026-05-09 18:20:41,660253,0.6048,3.258,0,0.0,42.4,36.5,15,11,4,864.3461,1055.0,8192.0,1.0,220,0.0002,0,0.0,0,0.0
2026-05-09 18:20:46,660253,0.682,3.335,0,0.0,43.4,36.5,15,10,3,864.3446,1062.0,8192.0,1.0,220,0.0002,0,0.0,0,0.0
2026-05-09 18:20:53,660253,0.682,3.335,0,0.0,43.5,36.5,15,10,3,864.3446,1063.0,8192.0,1.0,220,0.0002,0,0.0,0,0.0
2026-05-09 18:20:59,660253,0.682,3.335,0,0.0,43.4,36.5,15,10,3,864.3446,1063.0,8192.0,1.0,220,0.0002,0,0.0,0,0.0
2026-05-09 18:21:04,660253,0.682,3.335,0,0.0,42.4,36.5,15,10,3,864.3446,1063.0,8192.0,1.0,220,0.0002,0,0.0,0,0.0
2026-05-09 18:21:09,660253,0.6234,3.277,0,0.0,42.7,36.5,15,11,4,864.3446,1066.0,8192.0,1.0,220,0.0002,0,0.0,0,0.0
2026-05-09 18:21:14,660253,0.6697,3.3286,0,0.0,43.2,36.5,15,10,3,864.3431,1067.0,8192.0,1.0,220,0.0002,0,0.0,0,0.0
2026-05-09 18:21:20,660253,0.6698,3.3286,0,0.0,43.2,36.5,15,10,3,864.3431,1067.0,8192.0,1.0,220,0.0002,0,0.0,0,0.0
2026-05-09 18:21:27,660253,0.6698,3.3286,0,0.0,43.2,36.5,15,10,3,864.3431,1079.0,8192.0,3.0,220,0.0002,0,0.0,0,0.0
2026-05-09 18:21:32,660253,0.6698,3.3286,0,0.0,43.2,36.5,15,10,3,864.3431,1080.0,8192.0,1.0,220,0.0002,0,0.0,0,0.0
2026-05-09 18:21:37,660253,0.6186,3.2724,0,0.0,42.7,36.5,15,10,3,864.3422,1076.0,8192.0,1.0,220,0.0002,0,0.0,0,0.0
2026-05-09 18:21:42,660253,0.6395,3.299,0,0.0,42.9,36.5,15,10,3,864.3416,1081.0,8192.0,3.0,220,0.0002,0,0.0,0,0.0
2026-05-09 18:21:47,660253,0.6768,3.3363,0,0.0,43.4,36.5,15,10,3,864.3416,1075.0,8192.0,4.0,220,0.0002,0,0.0,0,0.0
2026-05-09 18:21:53,660253,0.6768,3.3363,0,0.0,43.4,36.5,15,10,3,864.3416,1084.0,8192.0,5.0,220,0.0002,0,0.0,0,0.0
2026-05-09 18:22:00,660253,0.6768,3.3363,0,0.0,43.3,36.5,15,10,3,864.3416,1088.0,8192.0,1.0,220,0.0002,0,0.0,0,0.0
2026-05-09 18:22:05,660253,0.6022,3.2617,0,0.0,42.4,36.5,15,10,3,864.3412,1086.0,8192.0,1.0,220,0.0002,0,0.0,0,0.0
2026-05-09 18:22:10,660253,0.5579,3.2115,0,0.0,41.8,36.5,15,10,4,864.3401,1076.0,8192.0,1.0,220,0.0002,0,0.0,0,0.0
2026-05-09 18:22:15,660253,0.6783,3.3371,0,0.0,43.4,36.5,15,10,3,864.3401,1074.0,8192.0,1.0,220,0.0002,0,0.0,0,0.0
2026-05-09 18:22:20,660253,0.6784,3.3371,0,0.0,43.4,36.5,15,10,3,864.3401,1076.0,8192.0,1.0,220,0.0002,0,0.0,0,0.0
2026-05-09 18:22:26,660253,0.6784,3.3371,0,0.0,43.3,36.5,15,10,3,864.3401,1093.0,8192.0,4.0,220,0.0002,0,0.0,0,0.0
2026-05-09 18:22:33,660253,0.6784,3.3371,0,0.0,43.3,36.5,15,10,3,864.3401,1087.0,8192.0,4.0,220,0.0002,0,0.0,0,0.0
2026-05-09 18:22:38,660253,0.6784,3.3371,0,0.0,43.3,36.5,15,10,3,864.3401,1067.0,8192.0,8.0,220,0.0002,0,0.0,0,0.0
2026-05-09 18:22:43,660253,0.6037,3.2625,0,0.0,42.4,36.5,15,10,3,864.34,1062.0,8192.0,1.0,220,0.0002,0,0.0,0,0.0
2026-05-09 18:22:48,660253,0.6434,3.2969,0,0.0,42.9,36.5,15,11,4,864.339,1074.0,8192.0,1.0,220,0.0002,0,0.0,0,0.0
2026-05-09 18:22:53,660253,0.6792,3.3381,0,0.0,43.4,36.5,15,10,3,864.3386,1080.0,8192.0,2.0,220,0.0002,0,0.0,0,0.0
2026-05-09 18:22:59,660253,0.6793,3.3381,0,0.0,43.6,36.5,15,10,3,864.3386,1083.0,8192.0,2.0,220,0.0002,0,0.0,0,0.0
2026-05-09 18:23:04,660253,0.6793,3.3381,0,0.0,43.4,36.5,15,10,3,864.3386,1077.0,8192.0,0.0,220,0.0002,0,0.0,0,0.0
2026-05-09 18:23:12,660253,0.6095,3.2634,0,0.0,42.5,36.5,15,11,4,864.3381,1067.0,8192.0,0.0,220,0.0002,0,0.0,0,0.0
2026-05-09 18:23:18,660253,0.6101,3.2682,0,0.0,42.4,36.5,15,10,3,864.3371,1073.0,8192.0,4.0,220,0.0002,0,0.0,0,0.0
2026-05-09 18:23:23,660253,0.6826,3.34,0,0.0,43.4,36.5,15,10,3,864.3371,1071.0,8192.0,0.0,220,0.0002,0,0.0,0,0.0
2026-05-09 18:23:28,660253,0.6826,3.34,0,0.0,43.4,36.5,15,10,3,864.3371,1067.0,8192.0,0.0,220,0.0002,0,0.0,0,0.0
2026-05-09 18:23:33,660253,0.6826,3.34,0,0.0,43.4,36.5,15,10,3,864.3371,1070.0,8192.0,2.0,220,0.0002,0,0.0,0,0.0
2026-05-09 18:23:38,660253,0.6117,3.2654,0,0.0,42.5,36.5,15,10,3,864.3366,1044.0,8192.0,0.0,220,0.0002,0,0.0,0,0.0
2026-05-09 18:23:46,660253,0.6076,3.2664,0,0.0,42.5,36.5,15,10,3,864.3356,1059.0,8192.0,0.0,220,0.0002,0,0.0,0,0.0
2026-05-09 18:23:51,660253,0.6823,3.341,0,0.0,43.4,36.5,15,10,3,864.3356,1061.0,8192.0,2.0,220,0.0002,0,0.0,0,0.0
2026-05-09 18:23:56,660253,0.6823,3.341,0,0.0,43.4,36.5,15,10,3,864.3356,1059.0,8192.0,0.0,220,0.0002,0,0.0,0,0.0
2026-05-09 18:24:01,660253,0.6823,3.341,0,0.0,43.5,36.5,15,10,3,864.3356,1059.0,8192.0,0.0,220,0.0002,0,0.0,0,0.0
2026-05-09 18:24:06,660253,0.6132,3.2665,0,0.0,42.5,36.5,15,10,3,864.3351,1058.0,8192.0,0.0,220,0.0002,0,0.0,0,0.0
2026-05-09 18:24:11,660253,0.5636,3.2173,0,0.0,41.8,36.5,15,10,3,864.3341,1061.0,8192.0,0.0,220,0.0002,0,0.0,0,0.0
2026-05-09 18:24:19,660253,0.6842,3.3429,0,0.0,43.5,36.5,15,10,3,864.3341,1075.0,8192.0,0.0,220,0.0002,0,0.0,0,0.0
2026-05-09 18:24:24,660253,0.6842,3.3429,0,0.0,43.5,36.5,15,10,3,864.3341,1074.0,8192.0,0.0,220,0.0002,0,0.0,0,0.0
2026-05-09 18:24:29,660253,0.6842,3.3429,0,0.0,43.5,36.5,15,10,3,864.3341,1074.0,8192.0,0.0,220,0.0002,0,0.0,0,0.0
2026-05-09 18:24:35,660253,0.6842,3.3429,0,0.0,43.4,36.5,15,10,3,864.3341,1074.0,8192.0,0.0,220,0.0002,0,0.0,0,0.0
2026-05-09 18:24:40,660253,0.6345,3.288,0,0.0,42.8,36.5,15,10,3,864.3332,1062.0,8192.0,0.0,220,0.0002,0,0.0,0,0.0
2026-05-09 18:24:45,660253,0.6773,3.3305,0,0.0,43.4,36.5,15,10,3,864.3326,1076.0,8192.0,1.0,220,0.0002,0,0.0,0,0.0
2026-05-09 18:24:53,660253,0.7148,3.3678,0,0.0,43.9,36.5,15,10,3,864.3326,1076.0,8192.0,0.0,220,0.0002,0,0.0,0,0.0
2026-05-09 18:24:58,660253,0.7148,3.3678,0,0.0,43.8,36.5,15,10,3,864.3326,1074.0,8192.0,0.0,220,0.0002,0,0.0,0,0.0
2026-05-09 18:25:04,660253,0.7149,3.3678,0,0.0,43.9,36.5,15,10,3,864.3326,1075.0,8192.0,1.0,220,0.0002,0,0.0,0,0.0
2026-05-09 18:25:09,660253,0.6402,3.2932,0,0.0,42.9,36.5,15,10,3,864.3323,1064.0,8192.0,0.0,220,0.0002,0,0.0,0,0.0
2026-05-09 18:25:14,660253,0.6608,3.3145,0,0.0,43.1,36.5,15,11,3,864.3311,1069.0,8192.0,0.0,220,0.0002,0,0.0,0,0.0
2026-05-09 18:25:19,660253,0.6936,3.3524,0,0.0,43.6,36.5,15,10,3,864.3311,1078.0,8192.0,0.0,220,0.0002,0,0.0,0,0.0
2026-05-09 18:25:24,660253,0.6936,3.3524,0,0.0,43.6,36.5,15,10,3,864.3311,1079.0,8192.0,0.0,220,0.0002,0,0.0,0,0.0
2026-05-09 18:25:29,660253,0.6936,3.3524,0,0.0,43.6,36.5,15,10,3,864.3311,1078.0,8192.0,0.0,220,0.0002,0,0.0,0,0.0
2026-05-09 18:25:34,660253,0.6936,3.3524,0,0.0,43.6,36.5,15,10,3,864.3311,1078.0,8192.0,0.0,220,0.0002,0,0.0,0,0.0
2026-05-09 18:25:39,660253,0.6194,3.2777,0,0.0,42.6,36.5,15,11,4,864.3308,1066.0,8192.0,0.0,220,0.0002,0,0.0,0,0.0
2026-05-09 18:25:45,660253,0.6432,3.2969,0,0.0,42.9,36.5,15,11,4,864.3299,1079.0,8192.0,0.0,220,0.0002,0,0.0,0,0.0
2026-05-09 18:25:50,660253,0.7185,3.3715,0,0.0,43.9,36.5,15,10,3,864.3296,1078.0,8192.0,0.0,220,0.0002,0,0.0,0,0.0
2026-05-09 18:25:55,660253,0.7185,3.3715,0,0.0,43.9,36.5,15,10,3,864.3296,1080.0,8192.0,1.0,220,0.0002,0,0.0,0,0.0
2026-05-09 18:26:00,660253,0.7185,3.3715,0,0.0,44.0,36.5,15,10,3,864.3296,1080.0,8192.0,0.0,220,0.0002,0,0.0,0,0.0
2026-05-09 18:26:08,660253,0.6439,3.2969,0,0.0,42.9,36.5,15,10,3,864.3295,1080.0,8192.0,0.0,220,0.0002,0,0.0,0,0.0
2026-05-09 18:26:13,660253,0.6482,3.3018,0,0.0,43.0,36.5,15,11,4,864.3291,1064.0,8192.0,0.0,220,0.0002,0,0.0,0,0.0
2026-05-09 18:26:18,660253,0.6978,3.3553,0,0.0,43.7,36.5,15,10,3,864.3281,1082.0,8192.0,0.0,220,0.0002,0,0.0,0,0.0
2026-05-09 18:26:23,660253,0.6984,3.3553,0,0.0,43.7,36.5,15,10,3,864.3281,1082.0,8192.0,0.0,220,0.0002,0,0.0,0,0.0
2026-05-09 18:26:28,660253,0.6984,3.3553,0,0.0,43.7,36.5,15,10,3,864.3281,1082.0,8192.0,0.0,220,0.0002,0,0.0,0,0.0
2026-05-09 18:26:34,660253,0.6243,3.2806,0,0.0,42.7,36.5,15,10,3,864.3275,1083.0,8192.0,0.0,220,0.0002,0,0.0,0,0.0
2026-05-09 18:26:39,660253,0.6146,3.2684,0,0.0,42.6,36.5,15,10,3,864.3266,1070.0,8192.0,5.0,220,0.0002,0,0.0,0,0.0
2026-05-09 18:26:44,660253,0.7273,3.3803,0,0.0,44.1,36.5,15,10,3,864.3266,1069.0,8192.0,0.0,220,0.0002,0,0.0,0,0.0
2026-05-09 18:26:49,660253,0.7273,3.3803,0,0.0,44.0,36.5,15,10,3,864.3266,1071.0,8192.0,1.0,220,0.0002,0,0.0,0,0.0
2026-05-09 18:26:54,660253,0.7273,3.3803,0,0.0,44.0,36.5,15,10,3,864.3266,1083.0,8192.0,0.0,220,0.0002,0,0.0,0,0.0
2026-05-09 18:26:59,660253,0.7273,3.3803,0,0.0,44.1,36.5,15,10,3,864.3266,1082.0,8192.0,0.0,220,0.0002,0,0.0,0,0.0
2026-05-09 18:27:04,660253,0.7273,3.3803,0,0.0,44.0,36.5,15,10,3,864.3266,1079.0,8192.0,0.0,220,0.0002,0,0.0,0,0.0
2026-05-09 18:27:10,660253,0.6527,3.3057,0,0.0,43.1,36.5,15,10,3,864.3258,1063.0,8192.0,1.0,220,0.0002,0,0.0,0,0.0
2026-05-09 18:27:17,660253,0.6706,3.3296,0,0.0,43.3,36.5,15,10,3,864.325,1069.0,8192.0,5.0,220,0.0002,0,0.0,0,0.0
2026-05-09 18:27:22,660253,0.7053,3.3641,0,0.0,43.8,36.5,15,10,3,864.325,1071.0,8192.0,0.0,220,0.0002,0,0.0,0,0.0
2026-05-09 18:27:27,660253,0.7053,3.3641,0,0.0,43.7,36.5,15,10,3,864.325,1072.0,8192.0,0.0,220,0.0002,0,0.0,0,0.0
2026-05-09 18:27:32,660253,0.7053,3.3641,0,0.0,43.9,36.5,15,10,3,864.325,1073.0,8192.0,0.0,220,0.0002,0,0.0,0,0.0
2026-05-09 18:27:37,660253,0.6563,3.3098,0,0.0,43.1,36.5,15,11,4,864.3257,1072.0,8192.0,0.0,220,0.0002,0,0.0,0,0.0
2026-05-09 18:27:42,660253,0.6713,3.3287,0,0.0,43.3,36.5,15,10,3,864.3235,1071.0,8192.0,1.0,220,0.0002,0,0.0,0,0.0
2026-05-09 18:27:47,660253,0.7091,3.366,0,0.0,43.8,36.5,15,10,3,864.3235,1074.0,8192.0,2.0,220,0.0002,0,0.0,0,0.0
2026-05-09 18:27:52,660253,0.7091,3.366,0,0.0,43.8,36.5,15,10,3,864.3235,1074.0,8192.0,0.0,220,0.0002,0,0.0,0,0.0
2026-05-09 18:27:58,660253,0.6345,3.2914,0,0.0,42.8,36.5,15,10,3,864.3235,1074.0,8192.0,0.0,220,0.0002,0,0.0,0,0.0
2026-05-09 18:28:03,660253,0.6606,3.3145,0,0.0,43.2,36.5,15,11,4,864.3243,1078.0,8192.0,2.0,220,0.0002,0,0.0,0,0.0
2026-05-09 18:28:08,660253,0.6729,3.3307,0,0.0,43.3,36.5,15,10,3,864.322,1074.0,8192.0,0.0,220,0.0002,0,0.0,0,0.0
2026-05-09 18:28:14,660253,0.7103,3.368,0,0.0,43.8,36.5,15,10,3,864.322,1075.0,8192.0,0.0,220,0.0002,0,0.0,0,0.0
2026-05-09 18:28:19,660253,0.7103,3.368,0,0.0,43.9,36.5,15,10,3,864.322,1076.0,8192.0,3.0,220,0.0002,0,0.0,0,0.0
2026-05-09 18:28:26,660253,0.7103,3.368,0,0.0,43.9,36.5,15,10,3,864.322,1076.0,8192.0,0.0,220,0.0002,0,0.0,0,0.0
2026-05-09 18:28:32,660253,0.638,3.2933,0,0.0,42.9,36.5,15,10,3,864.3214,1076.0,8192.0,0.0,220,0.0002,0,0.0,0,0.0
2026-05-09 18:28:37,660253,0.637,3.2943,0,0.0,42.9,36.5,15,10,3,864.3205,1080.0,8192.0,3.0,220,0.0002,0,0.0,0,0.0
2026-05-09 18:28:42,660253,0.7121,3.3689,0,0.0,43.9,36.5,15,10,3,864.3205,1068.0,8192.0,0.0,220,0.0002,0,0.0,0,0.0
2026-05-09 18:28:47,660253,0.7121,3.3689,0,0.0,43.9,36.5,15,10,3,864.3205,1069.0,8192.0,0.0,220,0.0002,0,0.0,0,0.0
2026-05-09 18:28:52,660253,0.7121,3.3689,0,0.0,43.8,36.5,15,10,3,864.3205,1069.0,8192.0,0.0,220,0.0002,0,0.0,0,0.0
2026-05-09 18:29:00,660253,0.7121,3.3689,0,0.0,43.9,36.5,15,10,3,864.3205,1071.0,8192.0,0.0,220,0.0002,0,0.0,0,0.0
2026-05-09 18:29:05,660253,0.6374,3.2943,0,0.0,42.9,36.5,15,10,3,864.3203,1070.0,8192.0,0.0,220,0.0002,0,0.0,0,0.0
2026-05-09 18:29:10,660253,0.6684,3.3223,0,0.0,43.3,36.5,15,11,4,864.3202,1057.0,8192.0,0.0,220,0.0002,0,0.0,0,0.0
2026-05-09 18:29:15,660253,0.6798,3.3394,0,0.0,43.4,36.5,15,10,3,864.3189,1071.0,8192.0,0.0,220,0.0002,0,0.0,0,0.0
2026-05-09 18:29:20,660253,0.6425,3.3021,0,0.0,42.9,36.5,15,10,3,864.3188,1069.0,8192.0,0.0,220,0.0002,0,0.0,0,0.0
2026-05-09 18:29:26,660253,0.6754,3.3285,0,0.0,43.4,36.5,15,11,4,864.318,1074.0,8192.0,0.0,220,0.0002,0,0.0,0,0.0
2026-05-09 18:29:31,660253,0.7198,3.3768,0,0.0,44.0,36.5,15,10,3,864.3174,1085.0,8192.0,0.0,220,0.0002,0,0.0,0,0.0
2026-05-09 18:29:36,660253,0.7199,3.3768,0,0.0,43.9,36.5,15,10,3,864.3174,1084.0,8192.0,0.0,220,0.0002,0,0.0,0,0.0
2026-05-09 18:29:41,660253,0.7199,3.3768,0,0.0,43.9,36.5,15,10,3,864.3174,1079.0,8192.0,0.0,220,0.0002,0,0.0,0,0.0
2026-05-09 18:29:48,660253,0.6453,3.3021,0,0.0,43.0,36.5,15,10,3,864.3174,1080.0,8192.0,1.0,220,0.0002,0,0.0,0,0.0
2026-05-09 18:29:53,660253,0.6663,3.3199,0,0.0,43.5,36.5,15,10,3,864.3165,1084.0,8192.0,0.0,220,0.0002,0,0.0,0,0.0
2026-05-09 18:29:58,660253,0.6842,3.3414,0,0.0,43.5,36.5,15,10,3,864.3159,1095.0,8192.0,0.0,220,0.0002,0,0.0,0,0.0
2026-05-09 18:30:03,660253,0.7218,3.3787,0,0.0,44.0,36.5,15,10,3,864.3159,1094.0,8192.0,0.0,220,0.0002,0,0.0,0,0.0
2026-05-09 18:30:09,660253,0.7218,3.3787,0,0.0,44.1,36.5,15,10,3,864.3159,1073.0,8192.0,0.0,220,0.0002,0,0.0,0,0.0
2026-05-09 18:30:14,660253,0.7218,3.3787,0,0.0,44.0,36.5,15,10,3,864.3159,1069.0,8192.0,0.0,220,0.0002,0,0.0,0,0.0
2026-05-09 18:30:21,660253,0.6472,3.3041,0,0.0,44.3,36.5,15,10,3,864.3158,1068.0,8192.0,0.0,220,0.0002,0,0.0,0,0.0
2026-05-09 18:30:26,660253,0.6773,3.3307,0,0.0,43.4,36.5,15,11,4,864.3162,1069.0,8192.0,0.0,220,0.0002,0,0.0,0,0.0
2026-05-09 18:30:31,660253,0.686,3.3433,0,0.0,43.5,36.5,15,10,3,864.3143,1088.0,8192.0,0.0,220,0.0002,0,0.0,0,0.0
2026-05-09 18:30:36,660253,0.7238,3.3807,0,0.0,44.0,36.5,15,10,3,864.3143,1083.0,8192.0,0.0,220,0.0002,0,0.0,0,0.0
2026-05-09 18:30:41,660253,0.7238,3.3807,0,0.0,44.0,36.5,15,10,3,864.3143,1070.0,8192.0,0.0,220,0.0002,0,0.0,0,0.0
2026-05-09 18:30:46,660253,0.6492,3.306,0,0.0,43.1,36.5,15,11,4,864.3142,1068.0,8192.0,0.0,220,0.0002,0,0.0,0,0.0
2026-05-09 18:30:51,660253,0.6752,3.3291,0,0.0,43.3,36.5,15,11,4,864.314,1061.0,8192.0,0.0,220,0.0002,0,0.0,0,0.0
2026-05-09 18:30:58,660253,0.7248,3.3826,0,0.0,44.1,36.5,15,10,3,864.3128,1071.0,8192.0,0.0,220,0.0002,0,0.0,0,0.0
2026-05-09 18:31:04,660253,0.7248,3.3826,0,0.0,44.0,36.5,15,10,3,864.3128,1076.0,8192.0,0.0,220,0.0002,0,0.0,0,0.0
2026-05-09 18:31:09,660253,0.7248,3.3826,0,0.0,44.0,36.5,15,10,3,864.3128,1058.0,8192.0,0.0,220,0.0002,0,0.0,0,0.0
2026-05-09 18:31:14,660253,0.6502,3.308,0,0.0,43.1,36.5,15,11,4,864.3127,1058.0,8192.0,0.0,220,0.0002,0,0.0,0,0.0
2026-05-09 18:31:19,660253,0.6737,3.3274,0,0.0,43.4,36.5,15,11,4,864.313,1072.0,8192.0,0.0,220,0.0002,0,0.0,0,0.0
2026-05-09 18:31:25,660253,0.726,3.3836,0,0.0,44.1,36.5,15,10,3,864.3112,1071.0,8192.0,0.0,220,0.0002,0,0.0,0,0.0
2026-05-09 18:31:33,660253,0.726,3.3836,0,0.0,44.1,36.5,15,10,3,864.3112,1072.0,8192.0,0.0,220,0.0002,0,0.0,0,0.0
2026-05-09 18:31:38,660253,0.726,3.3836,0,0.0,44.2,36.5,15,10,3,864.3112,1064.0,8192.0,3.0,220,0.0002,0,0.0,0,0.0
2026-05-09 18:31:43,660253,0.726,3.3836,0,0.0,44.1,36.5,15,10,3,864.3112,1060.0,8192.0,0.0,220,0.0002,0,0.0,0,0.0
2026-05-09 18:31:48,660253,0.726,3.3836,0,0.0,44.1,36.5,15,10,3,864.3112,1059.0,8192.0,0.0,220,0.0002,0,0.0,0,0.0
2026-05-09 18:31:53,660253,0.726,3.3836,0,0.0,44.1,36.5,15,10,3,864.3112,1060.0,8192.0,0.0,220,0.0002,0,0.0,0,0.0
2026-05-09 18:31:58,660253,0.726,3.3836,0,0.0,44.1,36.5,15,10,3,864.3112,1061.0,8192.0,0.0,220,0.0002,0,0.0,0,0.0
2026-05-09 18:32:05,660253,0.726,3.3836,0,0.0,44.2,36.5,15,10,3,864.3112,1066.0,8192.0,0.0,220,0.0002,0,0.0,0,0.0
2026-05-09 18:32:10,660253,0.726,3.3836,0,0.0,44.0,36.5,15,10,3,864.3112,1048.0,8192.0,0.0,220,0.0002,0,0.0,0,0.0
2026-05-09 18:32:16,660253,0.6514,3.309,0,0.0,43.1,36.5,15,11,4,864.3104,1049.0,8192.0,0.0,220,0.0002,0,0.0,0,0.0
2026-05-09 18:32:21,660253,0.6519,3.309,0,0.0,43.1,36.5,15,10,3,864.3097,1068.0,8192.0,0.0,220,0.0002,0,0.0,0,0.0
2026-05-09 18:32:26,660253,0.7267,3.3836,0,0.0,44.0,36.5,15,10,3,864.3097,1064.0,8192.0,0.0,220,0.0002,0,0.0,0,0.0
2026-05-09 18:32:31,660253,0.7267,3.3836,0,0.0,44.1,36.5,15,10,3,864.3097,1063.0,8192.0,0.0,220,0.0002,0,0.0,0,0.0
2026-05-09 18:32:39,660253,0.7267,3.3836,0,0.0,44.2,36.5,15,10,3,864.3097,1068.0,8192.0,3.0,220,0.0002,0,0.0,0,0.0
2026-05-09 18:32:44,660253,0.6521,3.309,0,0.0,43.1,36.5,15,10,3,864.3095,1066.0,8192.0,0.0,220,0.0002,0,0.0,0,0.0
2026-05-09 18:32:49,660253,0.6768,3.3304,0,0.0,43.4,36.5,15,11,4,864.3096,1064.0,8192.0,0.0,220,0.0002,0,0.0,0,0.0
2026-05-09 18:32:54,660253,0.7296,3.3865,0,0.0,44.1,36.5,15,10,3,864.3081,1077.0,8192.0,0.0,220,0.0002,0,0.0,0,0.0
2026-05-09 18:33:00,660253,0.7296,3.3865,0,0.0,44.1,36.5,15,10,3,864.3081,1083.0,8192.0,0.0,220,0.0002,0,0.0,0,0.0
2026-05-09 18:33:05,660253,0.7296,3.3865,0,0.0,44.1,36.5,15,10,3,864.3081,1078.0,8192.0,0.0,220,0.0002,0,0.0,0,0.0
2026-05-09 18:33:10,660253,0.655,3.3119,0,0.0,43.0,36.5,15,10,3,864.3079,1065.0,8192.0,0.0,220,0.0002,0,0.0,0,0.0
2026-05-09 18:33:18,660253,0.6779,3.3313,0,0.0,43.4,36.5,15,11,4,864.308,1078.0,8192.0,0.0,220,0.0002,0,0.0,0,0.0
2026-05-09 18:33:23,660253,0.7292,3.3865,0,0.0,44.1,36.5,15,10,3,864.3065,1078.0,8192.0,0.0,220,0.0002,0,0.0,0,0.0
2026-05-09 18:33:28,660253,0.7296,3.3865,0,0.0,44.1,36.5,15,10,3,864.3065,1078.0,8192.0,0.0,220,0.0002,0,0.0,0,0.0
2026-05-09 18:33:33,660253,0.7296,3.3865,0,0.0,44.1,36.5,15,10,3,864.3065,1083.0,8192.0,0.0,220,0.0002,0,0.0,0,0.0
2026-05-09 18:33:38,660253,0.7296,3.3865,0,0.0,44.2,36.5,15,10,3,864.3065,1066.0,8192.0,0.0,220,0.0002,0,0.0,0,0.0
2026-05-09 18:33:44,660253,0.7296,3.3865,0,0.0,44.1,36.5,15,10,3,864.3065,1067.0,8192.0,0.0,220,0.0002,0,0.0,0,0.0
2026-05-09 18:33:51,660253,0.7296,3.3865,0,0.0,44.1,36.5,15,10,3,864.3065,1067.0,8192.0,0.0,220,0.0002,0,0.0,0,0.0
2026-05-09 18:33:56,660253,0.7296,3.3865,0,0.0,44.2,36.5,15,10,3,864.3065,1072.0,8192.0,0.0,220,0.0002,0,0.0,0,0.0
2026-05-09 18:34:01,660253,0.6552,3.3129,0,0.0,43.2,36.5,15,10,3,864.3056,1068.0,8192.0,0.0,220,0.0002,0,0.0,0,0.0
2026-05-09 18:34:06,660253,0.6555,3.3129,0,0.0,43.2,36.5,15,10,3,864.305,1076.0,8192.0,2.0,220,0.0002,0,0.0,0,0.0
2026-05-09 18:34:12,660253,0.7316,3.3885,0,0.0,44.2,36.5,15,10,3,864.305,1072.0,8192.0,1.0,220,0.0002,0,0.0,0,0.0
2026-05-09 18:34:17,660253,0.7316,3.3885,0,0.0,44.2,36.5,15,10,3,864.305,1068.0,8192.0,0.0,220,0.0002,0,0.0,0,0.0
2026-05-09 18:34:24,660253,0.7316,3.3885,0,0.0,44.2,36.5,15,10,3,864.305,1068.0,8192.0,1.0,220,0.0002,0,0.0,0,0.0
2026-05-09 18:34:30,660253,0.7316,3.3885,0,0.0,44.2,36.5,15,10,3,864.305,1068.0,8192.0,0.0,220,0.0002,0,0.0,0,0.0
2026-05-09 18:34:35,660253,0.6573,3.3148,0,0.0,43.2,36.5,15,11,4,864.3041,1072.0,8192.0,0.0,220,0.0002,0,0.0,0,0.0
2026-05-09 18:34:40,660253,0.6579,3.3148,0,0.0,43.2,36.5,15,10,3,864.3034,1065.0,8192.0,1.0,220,0.0002,0,0.0,0,0.0
2026-05-09 18:34:45,660253,0.7326,3.3895,0,0.0,44.2,36.5,15,10,3,864.3034,1058.0,8192.0,0.0,220,0.0002,0,0.0,0,0.0
2026-05-09 18:34:51,660253,0.7326,3.3895,0,0.0,44.2,36.5,15,10,3,864.3034,1060.0,8192.0,0.0,220,0.0002,0,0.0,0,0.0
2026-05-09 18:34:58,660253,0.7326,3.3895,0,0.0,44.2,36.5,15,10,3,864.3034,1058.0,8192.0,0.0,220,0.0002,0,0.0,0,0.0
2026-05-09 18:35:03,660253,0.7326,3.3895,0,0.0,44.2,36.5,15,10,3,864.3034,1060.0,8192.0,0.0,220,0.0002,0,0.0,0,0.0
2026-05-09 18:35:09,660253,0.7326,3.3895,0,0.0,44.2,36.5,15,10,3,864.3034,1055.0,8192.0,0.0,220,0.0002,0,0.0,0,0.0
2026-05-09 18:35:14,660253,0.7326,3.3895,0,0.0,44.2,36.5,15,10,3,864.3034,1051.0,8192.0,1.0,220,0.0002,0,0.0,0,0.0
2026-05-09 18:35:19,660253,0.658,3.3148,0,0.0,43.2,36.5,15,11,4,864.3028,1052.0,8192.0,0.0,220,0.0002,0,0.0,0,0.0
2026-05-09 18:35:24,660253,0.6169,3.2697,0,0.0,42.7,36.5,15,10,3,864.3018,1070.0,8192.0,0.0,220,0.0002,0,0.0,0,0.0
2026-05-09 18:35:32,660253,0.7336,3.3914,0,0.0,44.2,36.5,15,10,3,864.3018,1065.0,8192.0,0.0,220,0.0002,0,0.0,0,0.0
2026-05-09 18:35:37,660253,0.7345,3.3914,0,0.0,44.2,36.5,15,10,3,864.3018,1065.0,8192.0,0.0,220,0.0002,0,0.0,0,0.0
2026-05-09 18:35:42,660253,0.7345,3.3914,0,0.0,44.2,36.5,15,10,3,864.3018,1065.0,8192.0,0.0,220,0.0002,0,0.0,0,0.0
2026-05-09 18:35:47,660253,0.6835,3.3372,0,0.0,43.6,36.5,15,11,4,864.3029,1061.0,8192.0,0.0,220,0.0002,0,0.0,0,0.0
2026-05-09 18:35:52,660253,0.6609,3.3178,0,0.0,43.3,36.5,15,10,3,864.3003,1072.0,8192.0,0.0,220,0.0002,0,0.0,0,0.0
2026-05-09 18:35:57,660253,0.7355,3.3924,0,0.0,44.3,36.5,15,10,3,864.3003,1079.0,8192.0,1.0,220,0.0002,0,0.0,0,0.0
2026-05-09 18:36:03,660253,0.7355,3.3924,0,0.0,44.2,36.5,15,10,3,864.3003,1075.0,8192.0,0.0,220,0.0002,0,0.0,0,0.0
2026-05-09 18:36:10,660253,0.7355,3.3924,0,0.0,44.2,36.5,15,10,3,864.3003,1062.0,8192.0,0.0,220,0.0002,0,0.0,0,0.0
2026-05-09 18:36:15,660253,0.6609,3.3187,0,0.0,43.4,36.5,15,10,3,864.2996,1066.0,8192.0,2.0,220,0.0002,0,0.0,0,0.0
2026-05-09 18:36:21,660253,0.6215,3.2746,0,0.0,42.7,36.5,15,10,3,864.2987,1076.0,8192.0,1.0,220,0.0002,0,0.0,0,0.0
2026-05-09 18:36:26,660253,0.7513,3.4316,0,0.0,44.5,36.5,15,10,3,864.2987,1077.0,8192.0,0.0,220,0.0002,0,0.0,0,0.0
2026-05-09 18:36:31,660253,0.7374,3.3943,0,0.0,44.2,36.5,15,10,3,864.2987,1076.0,8192.0,0.0,220,0.0002,0,0.0,0,0.0
2026-05-09 18:36:36,660253,0.7374,3.3943,0,0.0,44.2,36.5,15,10,3,864.2987,1068.0,8192.0,0.0,220,0.0002,0,0.0,0,0.0
2026-05-09 18:36:44,660253,0.6628,3.3197,0,0.0,43.3,36.5,15,11,4,864.2985,1065.0,8192.0,0.0,220,0.0002,0,0.0,0,0.0
2026-05-09 18:36:49,660253,0.6988,3.3521,0,0.0,43.8,36.5,15,11,4,864.2982,1064.0,8192.0,0.0,220,0.0002,0,0.0,0,0.0
2026-05-09 18:36:54,660253,0.7384,3.3953,0,0.0,44.3,36.5,15,10,3,864.2971,1082.0,8192.0,0.0,220,0.0002,0,0.0,0,0.0
2026-05-09 18:37:00,660253,0.7384,3.3953,0,0.0,44.4,36.5,15,10,3,864.2971,1079.0,8192.0,0.0,220,0.0002,0,0.0,0,0.0
2026-05-09 18:37:05,660253,0.7384,3.3953,0,0.0,44.2,36.5,15,10,3,864.2971,1078.0,8192.0,0.0,220,0.0002,0,0.0,0,0.0
2026-05-09 18:37:10,660253,0.6638,3.3207,0,0.0,43.3,36.5,15,10,3,864.297,1070.0,8192.0,0.0,220,0.0002,0,0.0,0,0.0
2026-05-09 18:37:17,660253,0.6845,3.3384,0,0.0,43.5,36.5,15,11,4,864.2974,1066.0,8192.0,0.0,220,0.0002,0,0.0,0,0.0
2026-05-09 18:37:23,660253,0.7394,3.3973,0,0.0,44.3,36.5,15,10,3,864.2955,1081.0,8192.0,0.0,220,0.0002,0,0.0,0,0.0
2026-05-09 18:37:28,660253,0.7395,3.3973,0,0.0,44.2,36.5,15,10,3,864.2955,1084.0,8192.0,0.0,220,0.0002,0,0.0,0,0.0
2026-05-09 18:37:33,660253,0.7395,3.3973,0,0.0,44.2,36.5,15,10,3,864.2955,1079.0,8192.0,0.0,220,0.0002,0,0.0,0,0.0
2026-05-09 18:37:39,660253,0.7395,3.3973,0,0.0,44.3,36.5,15,10,3,864.2955,1064.0,8192.0,0.0,220,0.0002,0,0.0,0,0.0
2026-05-09 18:37:44,660253,0.6649,3.3226,0,0.0,43.3,36.5,15,10,3,864.2955,1073.0,8192.0,0.0,220,0.0002,0,0.0,0,0.0
2026-05-09 18:37:51,660253,0.6885,3.3421,0,0.0,43.6,36.5,15,11,4,864.2966,1068.0,8192.0,0.0,220,0.0002,0,0.0,0,0.0
2026-05-09 18:37:56,660253,0.703,3.36,0,0.0,43.8,36.5,15,10,3,864.294,1082.0,8192.0,0.0,220,0.0002,0,0.0,0,0.0
2026-05-09 18:38:01,660253,0.7414,3.3982,0,0.0,44.3,36.5,15,10,3,864.294,1086.0,8192.0,0.0,220,0.0002,0,0.0,0,0.0
2026-05-09 18:38:07,660253,0.7414,3.3982,0,0.0,44.3,36.5,15,10,3,864.294,1086.0,8192.0,0.0,220,0.0002,0,0.0,0,0.0
2026-05-09 18:38:12,660253,0.7414,3.3982,0,0.0,44.3,36.5,15,10,3,864.294,1068.0,8192.0,1.0,220,0.0002,0,0.0,0,0.0
2026-05-09 18:38:17,660253,0.7414,3.3982,0,0.0,44.3,36.5,15,10,3,864.294,1069.0,8192.0,0.0,220,0.0002,0,0.0,0,0.0
2026-05-09 18:38:22,660253,0.7414,3.3982,0,0.0,43.3,36.5,15,10,3,864.2939,1067.0,8192.0,0.0,220,0.0002,0,0.0,0,0.0
2026-05-09 18:38:27,660253,0.6899,3.3431,0,0.0,43.6,36.5,15,11,4,864.295,1056.0,8192.0,0.0,220,0.0002,0,0.0,0,0.0
2026-05-09 18:38:33,660253,0.6676,3.3246,0,0.0,43.4,36.5,15,10,3,864.2924,1070.0,8192.0,0.0,220,0.0002,0,0.0,0,0.0
2026-05-09 18:38:38,660253,0.7423,3.3992,0,0.0,44.3,36.5,15,10,3,864.2924,1068.0,8192.0,0.0,220,0.0002,0,0.0,0,0.0
2026-05-09 18:38:43,660253,0.7423,3.3992,0,0.0,44.3,36.5,15,10,3,864.2924,1062.0,8192.0,0.0,220,0.0002,0,0.0,0,0.0
2026-05-09 18:38:48,660253,0.7423,3.3992,0,0.0,44.3,36.5,15,10,3,864.2924,1057.0,8192.0,0.0,220,0.0002,0,0.0,0,0.0
2026-05-09 18:38:54,660253,0.7423,3.3992,0,0.0,44.3,36.5,15,10,3,864.2924,1063.0,8192.0,0.0,220,0.0002,0,0.0,0,0.0
2026-05-09 18:39:01,660253,0.6677,3.3246,0,0.0,43.3,36.5,15,10,3,864.2918,1063.0,8192.0,0.0,220,0.0002,0,0.0,0,0.0
2026-05-09 18:39:06,660253,0.6646,3.3178,0,0.0,42.8,36.5,15,10,3,864.2908,1069.0,8192.0,0.0,220,0.0002,0,0.0,0,0.0
2026-05-09 18:39:11,660253,0.7433,3.4002,0,0.0,44.3,36.5,15,10,3,864.2908,1059.0,8192.0,0.0,220,0.0002,0,0.0,0,0.0
2026-05-09 18:39:16,660253,0.7433,3.4002,0,0.0,44.3,36.5,15,10,3,864.2908,1064.0,8192.0,0.0,220,0.0002,0,0.0,0,0.0
2026-05-09 18:39:22,660253,0.7433,3.4002,0,0.0,44.3,36.5,15,10,3,864.2908,1061.0,8192.0,0.0,220,0.0002,0,0.0,0,0.0
2026-05-09 18:39:27,660253,0.6687,3.3256,0,0.0,43.4,36.5,15,10,3,864.2905,1061.0,8192.0,0.0,220,0.0002,0,0.0,0,0.0
2026-05-09 18:39:34,660253,0.7081,3.3616,0,0.0,44.0,36.5,15,11,4,864.2902,1078.0,8192.0,0.0,220,0.0002,0,0.0,0,0.0
2026-05-09 18:39:39,660253,0.707,3.3639,0,0.0,43.9,36.5,15,10,3,864.2892,1061.0,8192.0,0.0,220,0.0002,0,0.0,0,0.0
2026-05-09 18:39:45,660253,0.7453,3.4021,0,0.0,44.4,36.5,15,10,3,864.2892,1061.0,8192.0,0.0,220,0.0002,0,0.0,0,0.0
2026-05-09 18:39:50,660253,0.7453,3.4021,0,0.0,44.4,36.5,15,10,3,864.2892,1068.0,8192.0,0.0,220,0.0002,0,0.0,0,0.0
2026-05-09 18:39:55,660253,0.7453,3.4021,0,0.0,44.3,36.5,15,10,3,864.2892,1067.0,8192.0,0.0,220,0.0002,0,0.0,0,0.0
2026-05-09 18:40:00,660253,0.6697,3.3265,0,0.0,43.4,36.5,15,10,3,864.2889,1062.0,8192.0,0.0,220,0.0002,0,0.0,0,0.0
2026-05-09 18:40:06,660253,0.7069,3.3599,0,0.0,43.9,36.5,15,11,4,864.2884,1062.0,8192.0,0.0,220,0.0002,0,0.0,0,0.0
2026-05-09 18:40:12,660253,0.7453,3.4021,0,0.0,44.4,36.5,15,10,3,864.2877,1067.0,8192.0,0.0,220,0.0002,0,0.0,0,0.0
2026-05-09 18:40:17,660253,0.7462,3.4031,0,0.0,44.4,36.5,15,10,3,864.2877,1063.0,8192.0,0.0,220,0.0002,0,0.0,0,0.0
2026-05-09 18:40:23,660253,0.7462,3.4031,0,0.0,44.4,36.5,15,10,3,864.2877,1068.0,8192.0,1.0,220,0.0002,0,0.0,0,0.0
2026-05-09 18:40:28,660253,0.7462,3.4031,0,0.0,44.4,36.5,15,10,3,864.2877,1064.0,8192.0,0.0,220,0.0002,0,0.0,0,0.0
2026-05-09 18:40:33,660253,0.6716,3.3285,0,0.0,43.4,36.5,15,10,3,864.2872,1063.0,8192.0,0.0,220,0.0002,0,0.0,0,0.0
2026-05-09 18:40:41,660253,0.704,3.3571,0,0.0,43.9,36.5,15,11,4,864.2867,1074.0,8192.0,4.0,220,0.0002,0,0.0,0,0.0
2026-05-09 18:40:46,660253,0.7472,3.4041,0,0.0,44.4,36.5,15,10,3,864.2861,1076.0,8192.0,0.0,220,0.0002,0,0.0,0,0.0
2026-05-09 18:40:51,660253,0.7472,3.4051,0,0.0,44.5,36.5,15,10,3,864.2861,1071.0,8192.0,0.0,220,0.0002,0,0.0,0,0.0
2026-05-09 18:40:56,660253,0.7472,3.4051,0,0.0,44.4,36.5,15,10,3,864.2861,1071.0,8192.0,0.0,220,0.0002,0,0.0,0,0.0
2026-05-09 18:41:02,660253,0.7472,3.4051,0,0.0,44.5,36.5,15,10,3,864.2861,1076.0,8192.0,1.0,220,0.0002,0,0.0,0,0.0
2026-05-09 18:41:07,660253,0.6721,3.3295,0,0.0,43.5,36.5,15,10,3,864.2856,1071.0,8192.0,0.0,220,0.0002,0,0.0,0,0.0
2026-05-09 18:41:14,660253,0.7096,3.3628,0,0.0,43.9,36.5,15,10,3,864.2846,1076.0,8192.0,0.0,220,0.0002,0,0.0,0,0.0
2026-05-09 18:41:19,660253,0.7492,3.4061,0,0.0,44.5,36.5,15,10,3,864.2845,1085.0,8192.0,0.0,220,0.0002,0,0.0,0,0.0
2026-05-09 18:41:24,660253,0.7492,3.4061,0,0.0,44.4,36.5,15,10,3,864.2845,1079.0,8192.0,0.0,220,0.0002,0,0.0,0,0.0
2026-05-09 18:41:29,660253,0.7119,3.4061,0,0.0,43.9,36.5,15,10,3,864.2845,1081.0,8192.0,0.0,220,0.0002,0,0.0,0,0.0
2026-05-09 18:41:35,660253,0.7492,3.4061,0,0.0,44.4,36.5,15,10,3,864.2845,1085.0,8192.0,0.0,220,0.0002,0,0.0,0,0.0
2026-05-09 18:41:40,660253,0.6736,3.3305,0,0.0,43.5,36.5,15,10,3,864.2844,1069.0,8192.0,1.0,220,0.0002,0,0.0,0,0.0
2026-05-09 18:41:48,660253,0.6854,3.3384,0,0.0,43.6,36.5,15,11,4,864.2852,1069.0,8192.0,0.0,220,0.0002,0,0.0,0,0.0
2026-05-09 18:41:53,660253,0.7109,3.3678,0,0.0,44.0,36.5,15,10,3,864.2829,1087.0,8192.0,0.0,220,0.0002,0,0.0,0,0.0
2026-05-09 18:41:58,660253,0.7502,3.407,0,0.0,44.5,36.5,15,10,3,864.2829,1081.0,8192.0,0.0,220,0.0002,0,0.0,0,0.0
2026-05-09 18:42:03,660253,0.7502,3.407,0,0.0,44.4,36.5,15,10,3,864.2829,1082.0,8192.0,0.0,220,0.0002,0,0.0,0,0.0
2026-05-09 18:42:09,660253,0.6746,3.3314,0,0.0,43.5,36.5,15,11,4,864.2829,1072.0,8192.0,0.0,220,0.0002,0,0.0,0,0.0
2026-05-09 18:42:14,660253,0.6974,3.3511,0,0.0,43.7,36.5,15,11,4,864.2837,1065.0,8192.0,0.0,220,0.0002,0,0.0,0,0.0
2026-05-09 18:42:19,660253,0.7138,3.3707,0,0.0,44.0,36.5,15,10,3,864.2813,1070.0,8192.0,0.0,220,0.0002,0,0.0,0,0.0
2026-05-09 18:42:26,660253,0.7521,3.409,0,0.0,44.5,36.5,15,10,3,864.2813,1075.0,8192.0,1.0,220,0.0002,0,0.0,0,0.0
2026-05-09 18:42:32,660253,0.7521,3.409,0,0.0,44.5,36.5,15,10,3,864.2813,1070.0,8192.0,0.0,220,0.0002,0,0.0,0,0.0
2026-05-09 18:42:37,660253,0.7521,3.409,0,0.0,44.4,36.5,15,10,3,864.2813,1069.0,8192.0,0.0,220,0.0002,0,0.0,0,0.0
2026-05-09 18:42:42,660253,0.6765,3.3334,0,0.0,43.5,36.5,15,10,3,864.281,1063.0,8192.0,0.0,220,0.0002,0,0.0,0,0.0
2026-05-09 18:42:48,660253,0.7169,3.3704,0,0.0,44.0,36.5,15,11,4,864.2805,1068.0,8192.0,0.0,220,0.0002,0,0.0,0,0.0
2026-05-09 18:42:53,660253,0.7541,3.4109,0,0.0,44.5,36.5,15,10,3,864.2798,1071.0,8192.0,0.0,220,0.0002,0,0.0,0,0.0
2026-05-09 18:43:01,660253,0.7541,3.4109,0,0.0,44.5,36.5,15,10,3,864.2798,1077.0,8192.0,3.0,220,0.0002,0,0.0,0,0.0
2026-05-09 18:43:06,660253,0.7541,3.4109,0,0.0,44.5,36.5,15,10,3,864.2798,1073.0,8192.0,0.0,220,0.0002,0,0.0,0,0.0
2026-05-09 18:43:12,660253,0.7541,3.4109,0,0.0,44.5,36.5,15,10,3,864.2798,1060.0,8192.0,0.0,220,0.0002,0,0.0,0,0.0
2026-05-09 18:43:17,660253,0.6918,3.3456,0,0.0,43.7,36.5,15,10,3,864.2788,1065.0,8192.0,0.0,220,0.0002,0,0.0,0,0.0
2026-05-09 18:43:22,660253,0.72,3.3774,0,0.0,43.6,36.5,15,10,3,864.2782,1076.0,8192.0,3.0,220,0.0002,0,0.0,0,0.0
2026-05-09 18:43:27,660253,0.7545,3.4119,0,0.0,44.5,36.5,15,10,3,864.2782,1095.0,8192.0,0.0,220,0.0002,0,0.0,0,0.0
2026-05-09 18:43:35,660253,0.755,3.4119,0,0.0,44.5,36.5,15,10,3,864.2782,1088.0,8192.0,1.0,220,0.0002,0,0.0,0,0.0
2026-05-09 18:43:41,660253,0.755,3.4119,0,0.0,44.5,36.5,15,10,3,864.2782,1071.0,8192.0,0.0,220,0.0002,0,0.0,0,0.0
2026-05-09 18:43:46,660253,0.6804,3.3373,0,0.0,43.6,36.5,15,10,3,864.278,1072.0,8192.0,6.0,220,0.0002,0,0.0,0,0.0
2026-05-09 18:43:51,660253,0.7009,3.3541,0,0.0,43.9,36.5,15,11,4,864.2789,1099.0,8192.0,2.0,222,0.0002,0,0.0,0,0.0
2026-05-09 18:43:56,660253,0.7185,3.3756,0,0.0,44.2,36.5,15,10,3,864.2766,1103.0,8192.0,1.0,222,0.0002,0,0.0,0,0.0
2026-05-09 18:44:01,660253,0.756,3.4129,0,0.0,44.7,36.5,15,10,3,864.2766,1102.0,8192.0,0.0,223,0.0002,0,0.0,0,0.0
2026-05-09 18:44:07,660253,0.756,3.4129,0,0.0,44.9,36.5,15,10,3,864.2766,1094.0,8192.0,1.0,224,0.0002,0,0.0,0,0.0
2026-05-09 18:44:13,660253,0.756,3.4129,0,0.0,44.9,36.5,15,10,3,864.2766,1086.0,8192.0,1.0,225,0.0002,0,0.0,0,0.0
2026-05-09 18:44:18,660253,0.6814,3.3383,0,0.0,43.9,36.5,15,10,3,864.2759,1079.0,8192.0,0.0,225,0.0002,0,0.0,0,0.0
2026-05-09 18:44:23,660253,0.7128,3.3666,0,0.0,44.3,36.5,15,11,4,864.2755,1096.0,8192.0,1.0,225,0.0002,0,0.0,0,0.0
2026-05-09 18:44:28,660253,0.726,3.4148,0,0.0,44.6,36.5,15,10,3,864.275,1097.0,8192.0,1.0,225,0.0002,0,0.0,0,0.0
2026-05-09 18:44:33,660253,0.758,3.4148,0,0.0,44.9,36.5,15,10,3,864.275,1096.0,8192.0,0.0,225,0.0002,0,0.0,0,0.0
2026-05-09 18:44:39,660253,0.758,3.4148,0,0.0,44.9,36.5,15,10,3,864.275,1071.0,8192.0,0.0,225,0.0002,0,0.0,0,0.0
2026-05-09 18:44:44,660253,0.758,3.4148,0,0.0,44.9,36.5,15,10,3,864.275,1085.0,8192.0,1.0,225,0.0002,0,0.0,0,0.0
2026-05-09 18:44:49,660253,0.7034,3.357,0,0.0,44.2,36.5,15,11,4,864.274,1076.0,8192.0,1.0,225,0.0002,0,0.0,0,0.0
2026-05-09 18:44:56,660253,0.6428,3.2961,0,0.0,43.4,36.5,15,10,3,864.2734,1102.0,8192.0,0.0,225,0.0002,0,0.0,0,0.0
2026-05-09 18:45:02,660253,0.7585,3.4158,0,0.0,44.9,36.5,15,10,3,864.2734,1100.0,8192.0,1.0,225,0.0002,0,0.0,0,0.0
2026-05-09 18:45:07,660253,0.7589,3.4158,0,0.0,44.9,36.5,15,10,3,864.2734,1087.0,8192.0,0.0,225,0.0002,0,0.0,0,0.0
2026-05-09 18:45:12,660253,0.7589,3.4158,0,0.0,44.9,36.5,15,10,3,864.2734,1069.0,8192.0,1.0,225,0.0002,0,0.0,0,0.0
2026-05-09 18:45:18,660253,0.7589,3.4158,0,0.0,45.0,36.5,15,10,3,864.2734,1073.0,8192.0,0.0,225,0.0002,0,0.0,0,0.0
2026-05-09 18:45:23,660253,0.684,3.3412,0,0.0,43.9,36.5,15,10,3,864.2726,1075.0,8192.0,0.0,225,0.0002,0,0.0,0,0.0
2026-05-09 18:45:28,660253,0.6796,3.3334,1,0.0207,44.2,36.5,15,11,3,864.2718,1087.0,8192.0,0.0,226,0.0002,0,0.0,0,0.0
2026-05-09 18:45:33,660253,0.7584,3.4158,0,0.0,45.0,36.5,15,10,3,864.2718,1090.0,8192.0,1.0,226,0.0002,0,0.0,0,0.0
2026-05-09 18:45:39,660253,0.7599,3.4168,0,0.0,44.6,36.5,15,10,3,864.2718,1067.0,8192.0,1.0,226,0.0002,0,0.0,0,0.0
2026-05-09 18:45:44,660253,0.7599,3.4168,0,0.0,44.7,36.5,15,10,3,864.2718,1070.0,8192.0,0.0,226,0.0002,0,0.0,0,0.0
2026-05-09 18:45:49,660253,0.6853,3.3422,0,0.0,43.7,36.5,15,10,3,864.2717,1070.0,8192.0,1.0,227,0.0002,0,0.0,0,0.0
2026-05-09 18:45:54,660253,0.7089,3.3626,0,0.0,44.0,36.5,15,11,4,864.2731,1081.0,8192.0,0.0,227,0.0002,0,0.0,0,0.0
2026-05-09 18:46:01,660253,0.6452,3.298,0,0.0,43.3,36.5,15,10,3,864.2702,1083.0,8192.0,1.0,227,0.0002,0,0.0,0,0.0
2026-05-09 18:46:07,660253,0.7619,3.4187,0,0.0,44.8,36.5,15,10,3,864.2702,1062.0,8192.0,9.0,227,0.0002,0,0.0,0,0.0
2026-05-09 18:46:12,660253,0.7619,3.4187,0,0.0,44.9,36.5,15,10,3,864.2702,1078.0,8192.0,0.0,227,0.0002,0,0.0,0,0.0
2026-05-09 18:46:17,660253,0.7619,3.4187,0,0.0,44.8,36.5,15,10,3,864.2702,1068.0,8192.0,2.0,227,0.0002,0,0.0,0,0.0
2026-05-09 18:46:23,660253,0.7619,3.4187,0,0.0,44.9,36.4,15,10,3,864.2702,1070.0,8192.0,1.0,227,0.0002,0,0.0,0,0.0
2026-05-09 18:46:28,660253,0.7619,3.4187,0,0.0,43.8,36.4,15,10,3,864.2702,1073.0,8192.0,1.0,227,0.0002,0,0.0,0,0.0
2026-05-09 18:46:33,660253,0.6986,3.3516,0,0.0,44.1,36.4,15,10,3,864.2692,1076.0,8192.0,1.0,227,0.0002,0,0.0,0,0.0
2026-05-09 18:46:38,660253,0.6462,3.299,0,0.0,43.4,36.4,15,10,3,864.2686,1074.0,8192.0,5.0,227,0.0002,0,0.0,0,0.0
2026-05-09 18:46:44,660253,0.7626,3.4197,0,0.0,44.9,36.4,15,10,3,864.2686,1073.0,8192.0,1.0,227,0.0002,0,0.0,0,0.0
2026-05-09 18:46:49,660253,0.7629,3.4197,0,0.0,44.9,36.4,15,10,3,864.2686,1072.0,8192.0,1.0,227,0.0002,0,0.0,0,0.0
2026-05-09 18:46:54,660253,0.7629,3.4197,0,0.0,44.9,36.4,15,10,3,864.2686,1073.0,8192.0,1.0,227,0.0002,0,0.0,0,0.0
2026-05-09 18:46:59,660253,0.7629,3.4197,0,0.0,44.0,36.4,15,10,3,864.2686,1062.0,8192.0,1.0,227,0.0002,0,0.0,0,0.0
2026-05-09 18:47:04,660253,0.7115,3.3645,0,0.0,44.2,36.4,15,11,4,864.2703,1067.0,8192.0,1.0,227,0.0002,0,0.0,0,0.0
2026-05-09 18:47:12,660253,0.6471,3.3,0,0.0,43.3,36.4,15,10,4,864.267,1077.0,8192.0,2.0,227,0.0002,0,0.0,0,0.0
2026-05-09 18:47:17,660253,0.7639,3.4217,0,0.0,44.9,36.4,15,10,3,864.267,1077.0,8192.0,0.0,227,0.0002,0,0.0,0,0.0
2026-05-09 18:47:23,660253,0.7648,3.4217,0,0.0,44.9,36.4,15,10,3,864.267,1073.0,8192.0,1.0,227,0.0002,0,0.0,0,0.0
2026-05-09 18:47:28,660253,0.7648,3.4217,0,0.0,44.9,36.4,15,10,3,864.267,1068.0,8192.0,0.0,227,0.0002,0,0.0,0,0.0
2026-05-09 18:47:33,660253,0.7648,3.4217,0,0.0,44.9,36.4,15,10,3,864.267,1077.0,8192.0,4.0,227,0.0002,0,0.0,0,0.0
2026-05-09 18:47:38,660253,0.7648,3.4217,0,0.0,44.9,36.4,15,10,3,864.267,1059.0,8192.0,0.0,227,0.0002,0,0.0,0,0.0
2026-05-09 18:47:43,660253,0.7648,3.4217,0,0.0,44.9,36.4,15,10,3,864.267,1059.0,8192.0,0.0,227,0.0002,0,0.0,0,0.0
2026-05-09 18:47:48,660253,0.6897,3.3461,0,0.0,43.9,36.4,15,10,3,864.2667,1056.0,8192.0,1.0,227,0.0002,0,0.0,0,0.0
2026-05-09 18:47:53,660253,0.7244,3.3774,0,0.0,44.4,36.4,15,11,4,864.267,1075.0,8192.0,2.0,227,0.0002,0,0.0,0,0.0
2026-05-09 18:47:58,660253,0.7265,3.3834,0,0.0,44.4,36.4,15,10,3,864.2654,1075.0,8192.0,1.0,227,0.0002,0,0.0,0,0.0
2026-05-09 18:48:03,660253,0.7658,3.4227,0,0.0,44.9,36.4,15,10,3,864.2654,1075.0,8192.0,0.0,227,0.0002,0,0.0,0,0.0
2026-05-09 18:48:09,660253,0.7658,3.4227,0,0.0,44.9,36.4,15,10,3,864.2654,1058.0,8192.0,0.0,227,0.0002,0,0.0,0,0.0
2026-05-09 18:48:14,660253,0.7658,3.4227,0,0.0,45.0,36.4,15,10,3,864.2654,1067.0,8192.0,1.0,227,0.0002,0,0.0,0,0.0
2026-05-09 18:48:19,660253,0.6912,3.348,0,0.0,43.9,36.4,15,10,3,864.265,1063.0,8192.0,1.0,227,0.0002,0,0.0,0,0.0
2026-05-09 18:48:24,660253,0.7273,3.3804,0,0.0,44.4,36.4,15,11,4,864.2649,1067.0,8192.0,2.0,227,0.0002,0,0.0,0,0.0
2026-05-09 18:48:31,660253,0.7708,3.4295,0,0.0,45.1,36.4,15,10,3,864.2638,1098.0,8192.0,4.0,227,0.0002,0,0.0,0,0.0
2026-05-09 18:48:36,660253,0.7708,3.4295,0,0.0,45.1,36.4,15,10,3,864.2638,1087.0,8192.0,3.0,227,0.0002,0,0.0,0,0.0
2026-05-09 18:48:41,660253,0.7708,3.4295,0,0.0,45.0,36.4,15,10,3,864.2638,1090.0,8192.0,3.0,227,0.0002,0,0.0,0,0.0
2026-05-09 18:48:47,660253,0.7708,3.4295,0,0.0,45.0,36.4,15,10,3,864.2638,1083.0,8192.0,3.0,227,0.0002,0,0.0,0,0.0
2026-05-09 18:48:52,660253,0.6964,3.3549,0,0.0,44.0,36.4,15,10,3,864.2635,1075.0,8192.0,2.0,227,0.0002,0,0.0,0,0.0
2026-05-09 18:48:58,660253,0.7463,3.3998,0,0.0,44.6,36.4,15,11,4,864.2633,1066.0,8192.0,1.0,227,0.0002,0,0.0,0,0.0
2026-05-09 18:49:04,660253,0.779,3.4363,0,0.0,45.2,36.4,15,10,3,864.2622,1081.0,8192.0,0.0,227,0.0002,0,0.0,0,0.0
2026-05-09 18:49:10,660253,0.7793,3.4363,0,0.0,45.1,36.4,15,10,3,864.2622,1055.0,8192.0,0.0,227,0.0002,0,0.0,0,0.0
2026-05-09 18:49:15,660253,0.7793,3.4363,0,0.0,45.2,36.4,15,10,3,864.2622,1076.0,8192.0,2.0,228,0.0002,0,0.0,0,0.0
2026-05-09 18:49:21,660253,0.7793,3.4363,0,0.0,45.3,36.3,15,10,3,864.2621,1076.0,8192.0,1.0,229,0.0002,0,0.0,0,0.0
2026-05-09 18:49:26,660253,0.7047,3.3617,0,0.0,44.4,36.3,15,10,3,864.2618,1080.0,8192.0,0.0,229,0.0002,0,0.0,0,0.0
2026-05-09 18:49:31,660253,0.735,3.3881,0,0.0,44.8,36.3,15,11,4,864.2623,1105.0,8192.0,1.0,229,0.0002,0,0.0,0,0.0
2026-05-09 18:49:38,660253,0.742,3.399,0,0.0,44.9,36.3,15,10,3,864.2606,1073.0,8192.0,1.0,229,0.0002,0,0.0,0,0.0
2026-05-09 18:49:43,660253,0.7794,3.4363,0,0.0,45.3,36.3,15,10,3,864.2606,1074.0,8192.0,0.0,229,0.0002,0,0.0,0,0.0
2026-05-09 18:49:49,660253,0.7156,3.3686,0,0.0,44.5,36.3,15,11,4,864.2622,1077.0,8192.0,3.0,229,0.0002,0,0.0,0,0.0
2026-05-09 18:49:54,660253,0.7449,3.4018,0,0.0,44.9,36.3,15,10,3,864.259,1079.0,8192.0,1.0,229,0.0002,0,0.0,0,0.0
2026-05-09 18:49:59,660253,0.7794,3.4363,0,0.0,45.4,36.3,15,10,3,864.259,1083.0,8192.0,0.0,229,0.0002,0,0.0,0,0.0
2026-05-09 18:50:04,660253,0.7794,3.4363,0,0.0,45.4,36.3,15,10,3,864.259,1080.0,8192.0,0.0,229,0.0002,0,0.0,0,0.0
2026-05-09 18:50:12,660253,0.7794,3.4363,0,0.0,45.5,36.3,15,10,3,864.259,1056.0,8192.0,1.0,229,0.0002,0,0.0,0,0.0
2026-05-09 18:50:17,660253,0.7794,3.4363,0,0.0,45.4,36.3,15,10,3,864.259,1059.0,8192.0,1.0,229,0.0002,0,0.0,0,0.0
2026-05-09 18:50:22,660253,0.7047,3.3617,0,0.0,44.4,36.3,15,11,4,864.259,1092.0,8192.0,6.0,229,0.0002,0,0.0,0,0.0
2026-05-09 18:50:27,660253,0.7199,3.3734,0,0.0,44.7,36.3,15,11,4,864.2607,1082.0,8192.0,0.0,229,0.0002,0,0.0,0,0.0
2026-05-09 18:50:32,660253,0.7475,3.4401,0,0.0,43.3,36.3,15,10,3,864.2574,1069.0,8192.0,0.0,230,0.0002,0,0.0,0,0.0
2026-05-09 18:50:37,660253,0.7813,3.4383,0,0.0,43.8,36.3,15,10,3,864.2574,1041.0,8192.0,0.0,230,0.0002,0,0.0,0,0.0
2026-05-09 18:50:42,660253,0.7213,3.3744,0,0.0,43.0,36.3,15,10,3,864.2564,1053.0,8192.0,0.0,230,0.0002,0,0.0,0,0.0
2026-05-09 18:50:50,660253,0.7029,3.3558,0,0.0,42.8,36.3,15,10,3,864.2558,1075.0,8192.0,1.0,230,0.0002,0,0.0,0,0.0
